Ticker,Factor,p-value
360ONE,IndianBondYieldRate_stationary,0.046
3MINDIA,EBITDA_stationary,0.0004
3MINDIA,Market-Cap-Sales_stationary,0.0029
3MINDIA,PriceToBookValue_stationary,0.0061
3MINDIA,50DayMA_stationary,0.0101
3MINDIA,GPM_stationary,0.0103
3MINDIA,CBOE_stationary,0.0228
3MINDIA,CrudeOil_stationary,0.037
3MINDIA,Volume_stationary,0.0419
AARTIIND,Dollar-INR_stationary,0.0009
AARTIIND,50DayMA_stationary,0.0242
AARTIIND,100DayMA_stationary,0.027
AARTIIND,Market-Cap-Sales_stationary,0.0498
AAVAS,CBOE_stationary,0.0122
AAVAS,Dollar-INR_stationary,0.0165
AAVAS,GDP_stationary,0.0246
AAVAS,PriceToBookValue_stationary,0.0349
ABB,100DayMA_stationary,0.0
ABB,50DayMA_stationary,0.0
ABB,PriceToBookValue_stationary,0.0001
ABB,Volume_stationary,0.0012
ABB,Market-Cap-Sales_stationary,0.0183
ABBOTINDIA,Volume_stationary,0.0004
ABBOTINDIA,50DayMA_stationary,0.0158
ABBOTINDIA,100DayMA_stationary,0.028
ABBOTINDIA,GPM_stationary,0.0361
ABCAPITAL,Market-Cap-Sales_stationary,0.0001
ABCAPITAL,Volume_stationary,0.0004
ABCAPITAL,50DayMA_stationary,0.0013
ABCAPITAL,PriceToBookValue_stationary,0.0014
ABCAPITAL,NPM_stationary,0.0044
ABCAPITAL,100DayMA_stationary,0.0177
ABCAPITAL,BookValue_stationary,0.0232
ABFRL,PriceToBookValue_stationary,0.0001
ABFRL,Market-Cap-Sales_stationary,0.0001
ABFRL,Sales_stationary,0.0114
ABFRL,CrudeOil_stationary,0.0176
ABFRL,100DayMA_stationary,0.0214
ABFRL,EBITDA_stationary,0.0216
ABFRL,50DayMA_stationary,0.0478
ABREL,50DayMA_stationary,0.0005
ABREL,Sales_stationary,0.0029
ABREL,OPM_stationary,0.0047
ABREL,Market-Cap-Sales_stationary,0.0131
ABREL,PriceToBookValue_stationary,0.0376
ABSLAMC,50DayMA_stationary,0.0051
ABSLAMC,Market-Cap-Sales_stationary,0.0139
ABSLAMC,BookValue_stationary,0.0437
ABSLAMC,GDP_stationary,0.0487
ACC,PriceToBookValue_stationary,0.0103
ACC,Volume_stationary,0.015
ACE,50DayMA_stationary,0.0
ACE,PriceToBookValue_stationary,0.0001
ACE,Market-Cap-Sales_stationary,0.0005
ACE,100DayMA_stationary,0.0014
ACE,EBITDA_stationary,0.0022
ACE,Volume_stationary,0.0162
ACI,Volume_stationary,0.0092
ADANIENSOL,PriceToBookValue_stationary,0.0
ADANIENSOL,Market-Cap-Sales_stationary,0.0
ADANIENSOL,50DayMA_stationary,0.0135
ADANIENSOL,GPM_stationary,0.0173
ADANIENSOL,IndianBondYieldRate_stationary,0.0226
ADANIENSOL,CrudeOil_stationary,0.0261
ADANIENT,50DayMA_stationary,0.0001
ADANIENT,Market-Cap-Sales_stationary,0.0006
ADANIENT,PriceToBookValue_stationary,0.0041
ADANIENT,BookValue_stationary,0.0064
ADANIENT,100DayMA_stationary,0.0192
ADANIENT,inflation-Monthly_stationary,0.0297
ADANIENT,Volume_stationary,0.031
ADANIGREEN,BookValue_stationary,0.0
ADANIGREEN,PriceToBookValue_stationary,0.0
ADANIGREEN,Market-Cap-Sales_stationary,0.0
ADANIGREEN,IndianBondYieldRate_stationary,0.0093
ADANIPORTS,BookValue_stationary,0.0
ADANIPORTS,Volume_stationary,0.011
ADANIPORTS,50DayMA_stationary,0.0231
ADANIPORTS,inflation-Monthly_stationary,0.0386
ADANIPOWER,Market-Cap-Sales_stationary,0.0
ADANIPOWER,Volume_stationary,0.0084
AEGISLOG,Volume_stationary,0.0009
AEGISLOG,50DayMA_stationary,0.0084
AEGISLOG,Market-Cap-Sales_stationary,0.0112
AEGISLOG,100DayMA_stationary,0.0158
AFFLE,BookValue_stationary,0.0
AFFLE,OPM_stationary,0.0
AFFLE,PriceToBookValue_stationary,0.0
AIAENG,EBITDA_stationary,0.0005
AIAENG,Sales_stationary,0.0011
AIAENG,Volume_stationary,0.0168
AIAENG,CrudeOil_stationary,0.0242
AIAENG,100DayMA_stationary,0.0267
AIAENG,50DayMA_stationary,0.0313
AJANTPHARM,EBITDA_stationary,0.0
AJANTPHARM,Sales_stationary,0.0
AJANTPHARM,100DayMA_stationary,0.0
AJANTPHARM,50DayMA_stationary,0.0
AJANTPHARM,Market-Cap-Sales_stationary,0.0283
AJANTPHARM,PriceToBookValue_stationary,0.0328
AJANTPHARM,CrudeOil_stationary,0.0426
AKUMS,Market-Cap-Sales_stationary,0.046
ALKEM,Volume_stationary,0.0003
ALKEM,50DayMA_stationary,0.0003
ALKEM,100DayMA_stationary,0.0016
ALKEM,inflation-Monthly_stationary,0.0421
ALKYLAMINE,GDP_stationary,0.0
ALKYLAMINE,100DayMA_stationary,0.0
ALKYLAMINE,50DayMA_stationary,0.0
ALKYLAMINE,UnemploymentRate_stationary,0.0042
ALKYLAMINE,inflation-yearly_stationary,0.0221
ALOKINDS,Market-Cap-Sales_stationary,0.0
ALOKINDS,50DayMA_stationary,0.0
ALOKINDS,GPM_stationary,0.0001
ALOKINDS,100DayMA_stationary,0.0001
ALOKINDS,UnemploymentRate_stationary,0.0013
ALOKINDS,NPM_stationary,0.0024
ALOKINDS,PriceToBookValue_stationary,0.0053
ALOKINDS,inflation-yearly_stationary,0.0277
ALOKINDS,Dollar-INR_stationary,0.0317
ALOKINDS,Volume_stationary,0.0375
AMBER,EBITDA_stationary,0.0
AMBER,Sales_stationary,0.0
AMBER,PriceToBookValue_stationary,0.0027
AMBER,50DayMA_stationary,0.0049
AMBER,Volume_stationary,0.0073
AMBER,Market-Cap-Sales_stationary,0.0122
AMBUJACEM,BookValue_stationary,0.0
AMBUJACEM,Market-Cap-Sales_stationary,0.0
AMBUJACEM,100DayMA_stationary,0.0031
AMBUJACEM,PriceToBookValue_stationary,0.0058
AMBUJACEM,50DayMA_stationary,0.022
AMBUJACEM,Volume_stationary,0.0392
ANANDRATHI,PriceToBookValue_stationary,0.0
ANANDRATHI,Market-Cap-Sales_stationary,0.0235
ANANDRATHI,BookValue_stationary,0.0376
ANANTRAJ,Market-Cap-Sales_stationary,0.0
ANANTRAJ,100DayMA_stationary,0.0
ANGELONE,EBITDA_stationary,0.0003
ANGELONE,100DayMA_stationary,0.0006
ANGELONE,PriceToBookValue_stationary,0.0023
ANGELONE,OPM_stationary,0.0142
ANGELONE,Market-Cap-Sales_stationary,0.0226
ANGELONE,Dollar-INR_stationary,0.0244
ANGELONE,50DayMA_stationary,0.0269
ANGELONE,NPM_stationary,0.0364
APARINDS,PriceToBookValue_stationary,0.0
APARINDS,50DayMA_stationary,0.0001
APARINDS,BookValue_stationary,0.0003
APARINDS,Market-Cap-Sales_stationary,0.0028
APARINDS,100DayMA_stationary,0.0075
APARINDS,CBOE_stationary,0.0262
APLLTD,EBITDA_stationary,0.0016
APLLTD,50DayMA_stationary,0.0116
APLLTD,Sales_stationary,0.0244
APLLTD,100DayMA_stationary,0.0285
APLLTD,Volume_stationary,0.0422
APLLTD,CrudeOil_stationary,0.0495
APOLLOHOSP,EBITDA_stationary,0.0
APOLLOHOSP,BookValue_stationary,0.0
APOLLOHOSP,Sales_stationary,0.0
APOLLOHOSP,PriceToBookValue_stationary,0.0
APOLLOHOSP,Market-Cap-Sales_stationary,0.015
APOLLOTYRE,100DayMA_stationary,0.009
APOLLOTYRE,EBITDA_stationary,0.0374
APOLLOTYRE,CrudeOil_stationary,0.0444
APTUS,IndianBondYieldRate_stationary,0.0238
APTUS,CrudeOil_stationary,0.0414
ARE&M,Volume_stationary,0.0004
ARE&M,Sales_stationary,0.0004
ARE&M,100DayMA_stationary,0.0242
ARE&M,50DayMA_stationary,0.0304
ASAHIINDIA,Market-Cap-Sales_stationary,0.0
ASAHIINDIA,PriceToBookValue_stationary,0.0001
ASAHIINDIA,Volume_stationary,0.0014
ASAHIINDIA,CrudeOil_stationary,0.0081
ASAHIINDIA,100DayMA_stationary,0.0186
ASHOKLEY,PriceToBookValue_stationary,0.0
ASHOKLEY,BookValue_stationary,0.0115
ASHOKLEY,EBITDA_stationary,0.0156
ASHOKLEY,50DayMA_stationary,0.0265
ASIANPAINT,CrudeOil_stationary,0.0
ASIANPAINT,BookValue_stationary,0.0357
ASTERDM,Volume_stationary,0.0087
ASTERDM,Market-Cap-Sales_stationary,0.021
ASTERDM,PriceToBookValue_stationary,0.0239
ASTERDM,100DayMA_stationary,0.0243
ASTERDM,CrudeOil_stationary,0.0499
ASTRAL,Market-Cap-Sales_stationary,0.0013
ASTRAL,NPM_stationary,0.0337
ASTRAZEN,Volume_stationary,0.0001
ASTRAZEN,50DayMA_stationary,0.0132
ASTRAZEN,GPM_stationary,0.0246
ATGL,PriceToBookValue_stationary,0.0
ATGL,Market-Cap-Sales_stationary,0.0
ATGL,100DayMA_stationary,0.0001
ATGL,50DayMA_stationary,0.0004
ATGL,CBOE_stationary,0.0042
ATGL,BookValue_stationary,0.0124
ATGL,OPM_stationary,0.0128
ATGL,CrudeOil_stationary,0.0434
ATUL,Market-Cap-Sales_stationary,0.0
ATUL,EBITDA_stationary,0.0017
ATUL,PriceToBookValue_stationary,0.0028
ATUL,BookValue_stationary,0.0129
ATUL,CrudeOil_stationary,0.0284
AUBANK,Market-Cap-Sales_stationary,0.0006
AUBANK,NPM_stationary,0.0049
AUROPHARMA,Sales_stationary,0.0093
AUROPHARMA,EBITDA_stationary,0.018
AUROPHARMA,50DayMA_stationary,0.0311
AUROPHARMA,IndianBondYieldRate_stationary,0.0359
AUROPHARMA,CrudeOil_stationary,0.0444
AVANTIFEED,PriceToBookValue_stationary,0.0
AVANTIFEED,Market-Cap-Sales_stationary,0.0
AVANTIFEED,50DayMA_stationary,0.0003
AVANTIFEED,100DayMA_stationary,0.0011
AVANTIFEED,IndianBondYieldRate_stationary,0.0465
AWL,Sales_stationary,0.0
AWL,PriceToBookValue_stationary,0.0004
AWL,Volume_stationary,0.0018
AWL,CrudeOil_stationary,0.0064
AWL,100DayMA_stationary,0.0069
AWL,GPM_stationary,0.0113
AWL,50DayMA_stationary,0.014
AWL,Market-Cap-Sales_stationary,0.0332
AWL,inflation-Monthly_stationary,0.034
AXISBANK,Market-Cap-Sales_stationary,0.0024
AXISBANK,PriceToBookValue_stationary,0.0051
AXISBANK,OPM_stationary,0.0054
AXISBANK,IndianBondYieldRate_stationary,0.0056
AXISBANK,Dollar-INR_stationary,0.0094
AXISBANK,50DayMA_stationary,0.014
AXISBANK,NPM_stationary,0.0189
AXISBANK,GDP_stationary,0.0241
BAJAJ-AUTO,EBITDA_stationary,0.0
BAJAJ-AUTO,NPM_stationary,0.0
BAJAJ-AUTO,PriceToBookValue_stationary,0.0
BAJAJ-AUTO,Sales_stationary,0.0001
BAJAJ-AUTO,Market-Cap-Sales_stationary,0.001
BAJAJ-AUTO,OPM_stationary,0.0013
BAJAJ-AUTO,50DayMA_stationary,0.0067
BAJAJ-AUTO,100DayMA_stationary,0.0318
BAJAJFINSV,50DayMA_stationary,0.0041
BAJAJFINSV,OPM_stationary,0.0065
BAJAJFINSV,CrudeOil_stationary,0.0066
BAJAJFINSV,NPM_stationary,0.024
BAJAJHLDNG,NPM_stationary,0.0001
BAJAJHLDNG,OPM_stationary,0.0001
BAJAJHLDNG,PriceToBookValue_stationary,0.0015
BAJAJHLDNG,Dollar-INR_stationary,0.0023
BAJFINANCE,Market-Cap-Sales_stationary,0.0015
BAJFINANCE,PriceToBookValue_stationary,0.0026
BAJFINANCE,Volume_stationary,0.0079
BAJFINANCE,50DayMA_stationary,0.0124
BAJFINANCE,100DayMA_stationary,0.018
BAJFINANCE,UnemploymentRate_stationary,0.0453
BALAMINES,GPM_stationary,0.0003
BALAMINES,100DayMA_stationary,0.0009
BALAMINES,Dollar-INR_stationary,0.0097
BALAMINES,PriceToBookValue_stationary,0.0369
BALAMINES,50DayMA_stationary,0.0479
BALKRISIND,50DayMA_stationary,0.0128
BALKRISIND,PriceToBookValue_stationary,0.0372
BALRAMCHIN,CrudeOil_stationary,0.0001
BALRAMCHIN,UnemploymentRate_stationary,0.0098
BALRAMCHIN,inflation-yearly_stationary,0.0103
BALRAMCHIN,Market-Cap-Sales_stationary,0.0283
BALRAMCHIN,Volume_stationary,0.0358
BANDHANBNK,Market-Cap-Sales_stationary,0.0001
BANDHANBNK,50DayMA_stationary,0.0041
BANKBARODA,NPM_stationary,0.0035
BANKBARODA,OPM_stationary,0.0081
BANKINDIA,Sales_stationary,0.0002
BANKINDIA,Market-Cap-Sales_stationary,0.0024
BANKINDIA,Volume_stationary,0.003
BANKINDIA,PriceToBookValue_stationary,0.0247
BANKINDIA,Dollar-INR_stationary,0.0435
BASF,inflation-Monthly_stationary,0.0005
BASF,100DayMA_stationary,0.0087
BASF,PriceToBookValue_stationary,0.0099
BASF,50DayMA_stationary,0.0115
BASF,GPM_stationary,0.0119
BASF,Market-Cap-Sales_stationary,0.0126
BASF,CrudeOil_stationary,0.0163
BASF,Volume_stationary,0.0279
BATAINDIA,50DayMA_stationary,0.0043
BATAINDIA,PriceToBookValue_stationary,0.0164
BATAINDIA,Dollar-INR_stationary,0.0236
BATAINDIA,IndianBondYieldRate_stationary,0.029
BATAINDIA,Market-Cap-Sales_stationary,0.0397
BATAINDIA,Sales_stationary,0.0432
BAYERCROP,Volume_stationary,0.024
BAYERCROP,CrudeOil_stationary,0.0353
BAYERCROP,GDP_stationary,0.0419
BBTC,PriceToBookValue_stationary,0.0001
BBTC,100DayMA_stationary,0.0107
BBTC,50DayMA_stationary,0.0134
BBTC,Market-Cap-Sales_stationary,0.0211
BDL,Volume_stationary,0.0
BDL,100DayMA_stationary,0.001
BDL,50DayMA_stationary,0.0028
BEL,50DayMA_stationary,0.0
BEL,100DayMA_stationary,0.0029
BEL,EBITDA_stationary,0.014
BEL,Volume_stationary,0.0155
BEL,Sales_stationary,0.0197
BEML,100DayMA_stationary,0.0
BEML,PriceToBookValue_stationary,0.0013
BEML,Market-Cap-Sales_stationary,0.0017
BEML,50DayMA_stationary,0.0134
BERGEPAINT,CrudeOil_stationary,0.0003
BHARATFORG,50DayMA_stationary,0.0003
BHARATFORG,100DayMA_stationary,0.0026
BHARATFORG,CrudeOil_stationary,0.0232
BHARTIARTL,100DayMA_stationary,0.0029
BHARTIHEXA,Volume_stationary,0.0006
BHARTIHEXA,CrudeOil_stationary,0.0387
BHEL,100DayMA_stationary,0.0
BHEL,50DayMA_stationary,0.0
BHEL,PriceToBookValue_stationary,0.0001
BHEL,Market-Cap-Sales_stationary,0.0001
BIKAJI,PriceToBookValue_stationary,0.0228
BIKAJI,Dollar-INR_stationary,0.0301
BIOCON,GPM_stationary,0.0124
BIOCON,Dollar-INR_stationary,0.0307
BIOCON,CBOE_stationary,0.0317
BIOCON,Market-Cap-Sales_stationary,0.048
BIRLACORPN,EBITDA_stationary,0.0028
BIRLACORPN,Dollar-INR_stationary,0.0097
BIRLACORPN,NPM_stationary,0.0184
BIRLACORPN,CBOE_stationary,0.0225
BLS,Sales_stationary,0.0
BLS,EBITDA_stationary,0.0171
BLUEDART,Volume_stationary,0.0
BLUEDART,EBITDA_stationary,0.0114
BLUEDART,Market-Cap-Sales_stationary,0.0222
BLUEDART,BookValue_stationary,0.0373
BLUESTARCO,Market-Cap-Sales_stationary,0.0001
BLUESTARCO,PriceToBookValue_stationary,0.0051
BLUESTARCO,100DayMA_stationary,0.039
BOSCHLTD,50DayMA_stationary,0.0001
BOSCHLTD,PriceToBookValue_stationary,0.001
BOSCHLTD,100DayMA_stationary,0.0025
BOSCHLTD,Sales_stationary,0.0045
BOSCHLTD,Market-Cap-Sales_stationary,0.0078
BOSCHLTD,GPM_stationary,0.0124
BOSCHLTD,EBITDA_stationary,0.0399
BPCL,100DayMA_stationary,0.005
BRIGADE,EBITDA_stationary,0.0
BRIGADE,Sales_stationary,0.0001
BRIGADE,Market-Cap-Sales_stationary,0.0001
BRIGADE,BookValue_stationary,0.0006
BRIGADE,PriceToBookValue_stationary,0.0055
BRIGADE,Volume_stationary,0.022
BRIGADE,50DayMA_stationary,0.024
BRITANNIA,EBITDA_stationary,0.0356
BSE,Volume_stationary,0.0
BSE,PriceToBookValue_stationary,0.0
BSE,100DayMA_stationary,0.0
BSE,50DayMA_stationary,0.0003
BSE,Market-Cap-Sales_stationary,0.0029
BSE,CrudeOil_stationary,0.0116
BSE,Sales_stationary,0.0351
BSOFT,100DayMA_stationary,0.0
BSOFT,50DayMA_stationary,0.0015
BSOFT,CrudeOil_stationary,0.0215
BSOFT,OPM_stationary,0.0486
CAMPUS,Market-Cap-Sales_stationary,0.0
CAMPUS,Volume_stationary,0.0211
CAMPUS,CrudeOil_stationary,0.0315
CAMS,EBITDA_stationary,0.0003
CAMS,Sales_stationary,0.0014
CAMS,Dollar-INR_stationary,0.003
CAMS,Market-Cap-Sales_stationary,0.0065
CAMS,50DayMA_stationary,0.0094
CAMS,PriceToBookValue_stationary,0.011
CAMS,BookValue_stationary,0.0292
CAMS,Volume_stationary,0.0413
CANBK,EBITDA_stationary,0.0
CANBK,Sales_stationary,0.0
CANBK,Market-Cap-Sales_stationary,0.0
CANBK,PriceToBookValue_stationary,0.0002
CANBK,100DayMA_stationary,0.0194
CANFINHOME,50DayMA_stationary,0.005
CANFINHOME,Dollar-INR_stationary,0.0131
CANFINHOME,CBOE_stationary,0.0146
CANFINHOME,Volume_stationary,0.0165
CAPLIPOINT,50DayMA_stationary,0.0
CAPLIPOINT,100DayMA_stationary,0.0001
CAPLIPOINT,Market-Cap-Sales_stationary,0.0007
CAPLIPOINT,BookValue_stationary,0.0252
CAPLIPOINT,PriceToBookValue_stationary,0.0417
CARBORUNIV,PriceToBookValue_stationary,0.0017
CARBORUNIV,50DayMA_stationary,0.0033
CARBORUNIV,inflation-Monthly_stationary,0.0145
CARBORUNIV,Market-Cap-Sales_stationary,0.0282
CARBORUNIV,CrudeOil_stationary,0.035
CASTROLIND,Volume_stationary,0.0002
CASTROLIND,Market-Cap-Sales_stationary,0.0359
CCL,Volume_stationary,0.0002
CCL,NPM_stationary,0.001
CCL,BookValue_stationary,0.0054
CCL,100DayMA_stationary,0.0094
CCL,GPM_stationary,0.0138
CCL,EBITDA_stationary,0.0229
CDSL,PriceToBookValue_stationary,0.0
CDSL,Market-Cap-Sales_stationary,0.0
CDSL,50DayMA_stationary,0.0056
CDSL,Sales_stationary,0.0085
CDSL,EBITDA_stationary,0.0112
CEATLTD,BookValue_stationary,0.0029
CEATLTD,PriceToBookValue_stationary,0.0102
CEATLTD,Market-Cap-Sales_stationary,0.0115
CEATLTD,Volume_stationary,0.0131
CEATLTD,50DayMA_stationary,0.0139
CEATLTD,100DayMA_stationary,0.0251
CELLO,EBITDA_stationary,0.0077
CELLO,Sales_stationary,0.0102
CELLO,inflation-yearly_stationary,0.019
CELLO,GDP_stationary,0.019
CELLO,UnemploymentRate_stationary,0.019
CELLO,Volume_stationary,0.0286
CELLO,NPM_stationary,0.0417
CELLO,inflation-Monthly_stationary,0.0475
CENTRALBK,PriceToBookValue_stationary,0.002
CENTRALBK,Volume_stationary,0.0106
CENTRALBK,Market-Cap-Sales_stationary,0.0137
CENTURYPLY,100DayMA_stationary,0.0018
CENTURYPLY,CrudeOil_stationary,0.0025
CENTURYPLY,Market-Cap-Sales_stationary,0.0056
CENTURYPLY,Sales_stationary,0.025
CENTURYPLY,CBOE_stationary,0.0437
CERA,BookValue_stationary,0.0
CERA,GPM_stationary,0.0205
CERA,CBOE_stationary,0.0265
CERA,CrudeOil_stationary,0.0479
CGCL,100DayMA_stationary,0.0
CGCL,50DayMA_stationary,0.0004
CGPOWER,EBITDA_stationary,0.0
CGPOWER,Sales_stationary,0.0
CGPOWER,NPM_stationary,0.0
CGPOWER,Market-Cap-Sales_stationary,0.0
CGPOWER,100DayMA_stationary,0.0014
CGPOWER,50DayMA_stationary,0.0326
CHALET,PriceToBookValue_stationary,0.0006
CHALET,BookValue_stationary,0.0016
CHALET,Volume_stationary,0.0035
CHALET,Market-Cap-Sales_stationary,0.0146
CHAMBLFERT,PriceToBookValue_stationary,0.0001
CHAMBLFERT,50DayMA_stationary,0.0015
CHAMBLFERT,100DayMA_stationary,0.0043
CHAMBLFERT,EBITDA_stationary,0.0126
CHAMBLFERT,BookValue_stationary,0.0146
CHAMBLFERT,Volume_stationary,0.0168
CHAMBLFERT,Sales_stationary,0.027
CHEMPLASTS,Market-Cap-Sales_stationary,0.0023
CHEMPLASTS,100DayMA_stationary,0.0252
CHEMPLASTS,EBITDA_stationary,0.0289
CHEMPLASTS,GPM_stationary,0.0312
CHENNPETRO,EBITDA_stationary,0.0
CHENNPETRO,BookValue_stationary,0.0
CHENNPETRO,Volume_stationary,0.0002
CHENNPETRO,100DayMA_stationary,0.007
CHENNPETRO,Sales_stationary,0.0473
CHOLAHLDNG,Volume_stationary,0.0002
CHOLAHLDNG,50DayMA_stationary,0.0004
CHOLAHLDNG,PriceToBookValue_stationary,0.0073
CIEINDIA,EBITDA_stationary,0.0
CIEINDIA,Sales_stationary,0.0
CLEAN,inflation-yearly_stationary,0.0
CLEAN,GDP_stationary,0.0
CLEAN,Market-Cap-Sales_stationary,0.0
CLEAN,UnemploymentRate_stationary,0.0004
CLEAN,PriceToBookValue_stationary,0.0011
CLEAN,Volume_stationary,0.0117
CLEAN,Dollar-INR_stationary,0.0278
COALINDIA,CrudeOil_stationary,0.0
COALINDIA,EBITDA_stationary,0.0015
COALINDIA,BookValue_stationary,0.0065
COALINDIA,OPM_stationary,0.0081
COALINDIA,100DayMA_stationary,0.0348
COCHINSHIP,Volume_stationary,0.0
COCHINSHIP,Market-Cap-Sales_stationary,0.0
COCHINSHIP,100DayMA_stationary,0.0
COCHINSHIP,50DayMA_stationary,0.0
COCHINSHIP,EBITDA_stationary,0.0008
COCHINSHIP,Sales_stationary,0.0153
COCHINSHIP,PriceToBookValue_stationary,0.042
COFORGE,CrudeOil_stationary,0.0
COFORGE,EBITDA_stationary,0.0
COFORGE,Sales_stationary,0.0
COFORGE,100DayMA_stationary,0.0003
COFORGE,50DayMA_stationary,0.0143
COLPAL,CrudeOil_stationary,0.0059
COLPAL,GPM_stationary,0.0101
COLPAL,100DayMA_stationary,0.0491
CONCOR,Sales_stationary,0.0051
CONCORDBIO,50DayMA_stationary,0.0039
CONCORDBIO,Dollar-INR_stationary,0.004
CONCORDBIO,100DayMA_stationary,0.0044
CONCORDBIO,PriceToBookValue_stationary,0.0311
CONCORDBIO,Market-Cap-Sales_stationary,0.0334
COROMANDEL,Sales_stationary,0.0019
COROMANDEL,EBITDA_stationary,0.0152
COROMANDEL,inflation-Monthly_stationary,0.0202
COROMANDEL,Market-Cap-Sales_stationary,0.0304
COROMANDEL,100DayMA_stationary,0.0403
CRAFTSMAN,PriceToBookValue_stationary,0.0001
CRAFTSMAN,BookValue_stationary,0.0025
CRAFTSMAN,Market-Cap-Sales_stationary,0.0326
CRAFTSMAN,CrudeOil_stationary,0.0345
CREDITACC,EBITDA_stationary,0.0
CREDITACC,Sales_stationary,0.0
CREDITACC,PriceToBookValue_stationary,0.0132
CREDITACC,Volume_stationary,0.0145
CREDITACC,100DayMA_stationary,0.0457
CREDITACC,CrudeOil_stationary,0.0493
CRISIL,EBITDA_stationary,0.0
CRISIL,Sales_stationary,0.0006
CRISIL,50DayMA_stationary,0.0007
CRISIL,100DayMA_stationary,0.007
CRISIL,Volume_stationary,0.0076
CRISIL,CBOE_stationary,0.037
CROMPTON,Market-Cap-Sales_stationary,0.003
CROMPTON,EBITDA_stationary,0.0146
CUB,50DayMA_stationary,0.0
CUB,100DayMA_stationary,0.0001
CUB,Market-Cap-Sales_stationary,0.0058
CUB,Dollar-INR_stationary,0.0063
CUMMINSIND,EBITDA_stationary,0.0
CUMMINSIND,100DayMA_stationary,0.0
CUMMINSIND,50DayMA_stationary,0.0
CUMMINSIND,BookValue_stationary,0.0001
CUMMINSIND,Sales_stationary,0.0006
CYIENT,EBITDA_stationary,0.0
CYIENT,100DayMA_stationary,0.0001
CYIENT,50DayMA_stationary,0.0002
CYIENT,Market-Cap-Sales_stationary,0.0046
CYIENT,CBOE_stationary,0.0068
CYIENT,PriceToBookValue_stationary,0.0074
CYIENT,BookValue_stationary,0.0254
DABUR,CrudeOil_stationary,0.0016
DABUR,GPM_stationary,0.0048
DABUR,Sales_stationary,0.0073
DABUR,Market-Cap-Sales_stationary,0.0379
DABUR,Dollar-INR_stationary,0.0415
DALBHARAT,Market-Cap-Sales_stationary,0.0015
DALBHARAT,Dollar-INR_stationary,0.0187
DALBHARAT,inflation-Monthly_stationary,0.0471
DATAPATTNS,50DayMA_stationary,0.0
DATAPATTNS,100DayMA_stationary,0.0002
DBREALTY,CBOE_stationary,0.0004
DBREALTY,Volume_stationary,0.0007
DBREALTY,Market-Cap-Sales_stationary,0.0243
DBREALTY,BookValue_stationary,0.0266
DBREALTY,PriceToBookValue_stationary,0.0437
DEEPAKNTR,EBITDA_stationary,0.0001
DEEPAKNTR,GPM_stationary,0.0009
DEEPAKNTR,NPM_stationary,0.0027
DEEPAKNTR,OPM_stationary,0.0034
DEEPAKNTR,Market-Cap-Sales_stationary,0.0149
DEEPAKNTR,inflation-Monthly_stationary,0.0291
DEEPAKNTR,CrudeOil_stationary,0.0353
DELHIVERY,Dollar-INR_stationary,0.005
DELHIVERY,Sales_stationary,0.0151
DELHIVERY,Market-Cap-Sales_stationary,0.0246
DEVYANI,Market-Cap-Sales_stationary,0.0148
DEVYANI,inflation-yearly_stationary,0.0203
DEVYANI,Sales_stationary,0.0224
DEVYANI,GDP_stationary,0.0249
DEVYANI,PriceToBookValue_stationary,0.0265
DEVYANI,Volume_stationary,0.0347
DIVISLAB,PriceToBookValue_stationary,0.0125
DIVISLAB,Market-Cap-Sales_stationary,0.0208
DIVISLAB,50DayMA_stationary,0.0381
DIXON,EBITDA_stationary,0.0
DIXON,Sales_stationary,0.0
DIXON,Market-Cap-Sales_stationary,0.0184
DLF,CBOE_stationary,0.0277
DMART,Market-Cap-Sales_stationary,0.0004
DMART,100DayMA_stationary,0.0005
DMART,Volume_stationary,0.0052
DMART,inflation-Monthly_stationary,0.012
DMART,PriceToBookValue_stationary,0.0358
DOMS,Volume_stationary,0.0
DOMS,PriceToBookValue_stationary,0.0012
DOMS,EBITDA_stationary,0.0022
DOMS,BookValue_stationary,0.005
DOMS,Sales_stationary,0.0061
DOMS,Market-Cap-Sales_stationary,0.0063
DOMS,OPM_stationary,0.0279
DOMS,GPM_stationary,0.0386
DRREDDY,PriceToBookValue_stationary,0.0128
DRREDDY,EBITDA_stationary,0.0435
EASEMYTRIP,Dollar-INR_stationary,0.0028
ECLERX,EBITDA_stationary,0.0
ECLERX,PriceToBookValue_stationary,0.0
ECLERX,Market-Cap-Sales_stationary,0.0
ECLERX,Sales_stationary,0.0015
ECLERX,Volume_stationary,0.0091
ECLERX,CrudeOil_stationary,0.023
EICHERMOT,Market-Cap-Sales_stationary,0.0027
EICHERMOT,OPM_stationary,0.0037
EICHERMOT,PriceToBookValue_stationary,0.0271
EICHERMOT,IndianBondYieldRate_stationary,0.0381
EICHERMOT,Sales_stationary,0.0479
EIDPARRY,inflation-yearly_stationary,0.0018
EIDPARRY,PriceToBookValue_stationary,0.003
EIDPARRY,BookValue_stationary,0.0064
EIDPARRY,Volume_stationary,0.0115
EIDPARRY,UnemploymentRate_stationary,0.0158
EIDPARRY,EBITDA_stationary,0.0173
EIDPARRY,Market-Cap-Sales_stationary,0.0243
EIDPARRY,Sales_stationary,0.0419
EIHOTEL,EBITDA_stationary,0.001
EIHOTEL,Volume_stationary,0.0055
EIHOTEL,PriceToBookValue_stationary,0.0082
EIHOTEL,Sales_stationary,0.025
ELECON,PriceToBookValue_stationary,0.0001
ELECON,BookValue_stationary,0.0002
ELECON,Volume_stationary,0.006
ELGIEQUIP,50DayMA_stationary,0.0001
ELGIEQUIP,100DayMA_stationary,0.0025
ELGIEQUIP,BookValue_stationary,0.0384
EMAMILTD,Volume_stationary,0.0014
EMCURE,GPM_stationary,0.0036
EMCURE,EBITDA_stationary,0.0154
EMCURE,BookValue_stationary,0.0154
EMCURE,Sales_stationary,0.0154
EMCURE,Market-Cap-Sales_stationary,0.0302
ENDURANCE,Market-Cap-Sales_stationary,0.0051
ENDURANCE,50DayMA_stationary,0.0112
ENDURANCE,GDP_stationary,0.0128
ENDURANCE,Dollar-INR_stationary,0.0253
ENDURANCE,GPM_stationary,0.0312
ENDURANCE,inflation-Monthly_stationary,0.0336
ENDURANCE,PriceToBookValue_stationary,0.0367
ENDURANCE,UnemploymentRate_stationary,0.0461
ENGINERSIN,100DayMA_stationary,0.0002
ENGINERSIN,PriceToBookValue_stationary,0.0009
ENGINERSIN,EBITDA_stationary,0.0127
EQUITASBNK,NPM_stationary,0.0031
EQUITASBNK,Market-Cap-Sales_stationary,0.0058
EQUITASBNK,100DayMA_stationary,0.0486
ERIS,Sales_stationary,0.001
ERIS,Volume_stationary,0.0038
ERIS,EBITDA_stationary,0.0046
ERIS,PriceToBookValue_stationary,0.0255
ERIS,Market-Cap-Sales_stationary,0.0341
ESCORTS,Sales_stationary,0.0
ESCORTS,50DayMA_stationary,0.0018
ESCORTS,OPM_stationary,0.0333
ESCORTS,inflation-Monthly_stationary,0.0432
EXIDEIND,PriceToBookValue_stationary,0.0
EXIDEIND,Market-Cap-Sales_stationary,0.0
EXIDEIND,50DayMA_stationary,0.0
EXIDEIND,Volume_stationary,0.0002
EXIDEIND,100DayMA_stationary,0.0002
FACT,Market-Cap-Sales_stationary,0.0004
FACT,50DayMA_stationary,0.0005
FACT,Volume_stationary,0.0085
FACT,100DayMA_stationary,0.0091
FEDERALBNK,PriceToBookValue_stationary,0.0004
FEDERALBNK,Market-Cap-Sales_stationary,0.0015
FINCABLES,PriceToBookValue_stationary,0.0
FINCABLES,Market-Cap-Sales_stationary,0.0
FINCABLES,50DayMA_stationary,0.0
FINCABLES,100DayMA_stationary,0.0212
FINCABLES,Sales_stationary,0.0225
FINCABLES,CBOE_stationary,0.0233
FINCABLES,CrudeOil_stationary,0.0333
FINCABLES,Volume_stationary,0.0356
FINEORG,EBITDA_stationary,0.0
FINEORG,Sales_stationary,0.0
FINEORG,PriceToBookValue_stationary,0.0
FINEORG,Volume_stationary,0.0004
FINEORG,Market-Cap-Sales_stationary,0.0007
FINEORG,50DayMA_stationary,0.0026
FINEORG,100DayMA_stationary,0.0144
FINEORG,BookValue_stationary,0.0372
FINPIPE,Dollar-INR_stationary,0.0071
FINPIPE,Market-Cap-Sales_stationary,0.0477
FLUOROCHEM,Volume_stationary,0.0003
FLUOROCHEM,EBITDA_stationary,0.0014
FLUOROCHEM,Sales_stationary,0.0104
FLUOROCHEM,BookValue_stationary,0.0235
FLUOROCHEM,CrudeOil_stationary,0.0245
FORTIS,50DayMA_stationary,0.0
FORTIS,CrudeOil_stationary,0.0287
FORTIS,Market-Cap-Sales_stationary,0.0456
FSL,Volume_stationary,0.0
FSL,Sales_stationary,0.0005
FSL,Market-Cap-Sales_stationary,0.0011
FSL,CrudeOil_stationary,0.0041
FSL,PriceToBookValue_stationary,0.0241
FSL,BookValue_stationary,0.0385
FSL,EBITDA_stationary,0.0404
GAEL,BookValue_stationary,0.0
GAEL,Market-Cap-Sales_stationary,0.0022
GAEL,NPM_stationary,0.0462
GAIL,CrudeOil_stationary,0.0221
GESHIP,50DayMA_stationary,0.0026
GESHIP,CrudeOil_stationary,0.0129
GESHIP,BookValue_stationary,0.0145
GESHIP,Market-Cap-Sales_stationary,0.0242
GESHIP,PriceToBookValue_stationary,0.0434
GICRE,Volume_stationary,0.0004
GICRE,NPM_stationary,0.0186
GICRE,EBITDA_stationary,0.0323
GICRE,Market-Cap-Sales_stationary,0.0444
GICRE,CrudeOil_stationary,0.0455
GILLETTE,Volume_stationary,0.0002
GILLETTE,50DayMA_stationary,0.0026
GILLETTE,100DayMA_stationary,0.0251
GLAND,GDP_stationary,0.0008
GLAND,Sales_stationary,0.0011
GLAND,EBITDA_stationary,0.0019
GLAND,100DayMA_stationary,0.0137
GLAND,50DayMA_stationary,0.0171
GLAND,Market-Cap-Sales_stationary,0.0224
GLAXO,100DayMA_stationary,0.0001
GLAXO,Market-Cap-Sales_stationary,0.0004
GLAXO,50DayMA_stationary,0.0005
GLAXO,Sales_stationary,0.007
GLAXO,EBITDA_stationary,0.0315
GLAXO,Volume_stationary,0.0472
GLENMARK,EBITDA_stationary,0.0
GLENMARK,50DayMA_stationary,0.0019
GLENMARK,100DayMA_stationary,0.0038
GLENMARK,NPM_stationary,0.0094
GLENMARK,Sales_stationary,0.0196
GMDCLTD,EBITDA_stationary,0.0
GMDCLTD,BookValue_stationary,0.0
GMDCLTD,PriceToBookValue_stationary,0.0
GMDCLTD,Sales_stationary,0.0001
GMDCLTD,Market-Cap-Sales_stationary,0.0001
GMDCLTD,100DayMA_stationary,0.0002
GMDCLTD,50DayMA_stationary,0.0002
GMDCLTD,OPM_stationary,0.0018
GMDCLTD,Volume_stationary,0.0071
GMDCLTD,CrudeOil_stationary,0.011
GMDCLTD,CBOE_stationary,0.0488
GMRAIRPORT,Market-Cap-Sales_stationary,0.0008
GMRAIRPORT,100DayMA_stationary,0.0011
GMRAIRPORT,50DayMA_stationary,0.0013
GMRAIRPORT,Sales_stationary,0.0104
GMRAIRPORT,Volume_stationary,0.0123
GMRAIRPORT,EBITDA_stationary,0.0178
GMRAIRPORT,CBOE_stationary,0.0354
GNFC,Sales_stationary,0.0004
GNFC,EBITDA_stationary,0.001
GNFC,Volume_stationary,0.0047
GNFC,100DayMA_stationary,0.0063
GNFC,PriceToBookValue_stationary,0.0067
GNFC,Market-Cap-Sales_stationary,0.0071
GNFC,CrudeOil_stationary,0.0082
GODFRYPHLP,Volume_stationary,0.0
GODFRYPHLP,EBITDA_stationary,0.0
GODFRYPHLP,BookValue_stationary,0.0
GODFRYPHLP,Sales_stationary,0.0
GODFRYPHLP,PriceToBookValue_stationary,0.0
GODFRYPHLP,Market-Cap-Sales_stationary,0.0
GODFRYPHLP,50DayMA_stationary,0.0
GODFRYPHLP,100DayMA_stationary,0.0007
GODREJAGRO,Sales_stationary,0.0004
GODREJAGRO,50DayMA_stationary,0.0009
GODREJAGRO,Market-Cap-Sales_stationary,0.0015
GODREJAGRO,Volume_stationary,0.0111
GODREJAGRO,CrudeOil_stationary,0.0298
GODREJAGRO,100DayMA_stationary,0.0347
GODREJAGRO,Dollar-INR_stationary,0.0397
GODREJCP,Sales_stationary,0.002
GODREJCP,EBITDA_stationary,0.0025
GODREJCP,Dollar-INR_stationary,0.0027
GODREJCP,CrudeOil_stationary,0.0032
GODREJCP,inflation-Monthly_stationary,0.0109
GODREJIND,50DayMA_stationary,0.0001
GODREJIND,100DayMA_stationary,0.0022
GODREJIND,Volume_stationary,0.0143
GODREJIND,PriceToBookValue_stationary,0.0182
GODREJIND,Market-Cap-Sales_stationary,0.0198
GODREJPROP,EBITDA_stationary,0.0
GODREJPROP,50DayMA_stationary,0.0006
GODREJPROP,Sales_stationary,0.0024
GODREJPROP,100DayMA_stationary,0.0025
GODREJPROP,UnemploymentRate_stationary,0.0213
GODREJPROP,CBOE_stationary,0.0305
GODREJPROP,Market-Cap-Sales_stationary,0.0463
GPIL,inflation-Monthly_stationary,0.0
GPIL,GPM_stationary,0.0
GPIL,NPM_stationary,0.0
GPIL,OPM_stationary,0.0
GPIL,Market-Cap-Sales_stationary,0.0003
GPIL,100DayMA_stationary,0.0021
GPIL,PriceToBookValue_stationary,0.0271
GPIL,50DayMA_stationary,0.0348
GPPL,100DayMA_stationary,0.0002
GPPL,EBITDA_stationary,0.0003
GPPL,Volume_stationary,0.0011
GPPL,50DayMA_stationary,0.0036
GPPL,Sales_stationary,0.0068
GRANULES,100DayMA_stationary,0.0084
GRANULES,Market-Cap-Sales_stationary,0.0155
GRAPHITE,PriceToBookValue_stationary,0.0002
GRAPHITE,100DayMA_stationary,0.0019
GRAPHITE,Market-Cap-Sales_stationary,0.0046
GRAPHITE,CrudeOil_stationary,0.006
GRAPHITE,Volume_stationary,0.0126
GRAPHITE,50DayMA_stationary,0.0235
GRAPHITE,Dollar-INR_stationary,0.0468
GRINDWELL,Sales_stationary,0.0181
GRINDWELL,EBITDA_stationary,0.0211
GRINDWELL,PriceToBookValue_stationary,0.0292
GRINDWELL,Volume_stationary,0.035
GRINFRA,PriceToBookValue_stationary,0.0004
GRINFRA,EBITDA_stationary,0.0224
GRINFRA,Market-Cap-Sales_stationary,0.0299
GRINFRA,GDP_stationary,0.0378
GRINFRA,50DayMA_stationary,0.0419
GRSE,Volume_stationary,0.0
GRSE,50DayMA_stationary,0.0011
GSFC,EBITDA_stationary,0.0
GSFC,Sales_stationary,0.0005
GSFC,GPM_stationary,0.0283
GSPL,Volume_stationary,0.0
GSPL,100DayMA_stationary,0.0
GSPL,50DayMA_stationary,0.0002
GUJGASLTD,CBOE_stationary,0.0219
GUJGASLTD,Dollar-INR_stationary,0.0386
GVT&D,Market-Cap-Sales_stationary,0.0
GVT&D,PriceToBookValue_stationary,0.0001
GVT&D,50DayMA_stationary,0.0058
GVT&D,100DayMA_stationary,0.0135
HAL,100DayMA_stationary,0.0
HAL,50DayMA_stationary,0.0
HAL,OPM_stationary,0.0003
HAL,Volume_stationary,0.0008
HAPPSTMNDS,Volume_stationary,0.0
HAPPSTMNDS,EBITDA_stationary,0.0002
HAPPSTMNDS,Market-Cap-Sales_stationary,0.0008
HAPPSTMNDS,50DayMA_stationary,0.0035
HAPPSTMNDS,OPM_stationary,0.0036
HAPPSTMNDS,GDP_stationary,0.0038
HAPPSTMNDS,PriceToBookValue_stationary,0.0142
HAPPSTMNDS,Sales_stationary,0.0196
HAVELLS,BookValue_stationary,0.0143
HAVELLS,Volume_stationary,0.0236
HAVELLS,Dollar-INR_stationary,0.0336
HAVELLS,inflation-Monthly_stationary,0.0421
HBLENGINE,Market-Cap-Sales_stationary,0.0001
HBLENGINE,EBITDA_stationary,0.0003
HBLENGINE,100DayMA_stationary,0.0009
HBLENGINE,Sales_stationary,0.0023
HBLENGINE,Volume_stationary,0.0119
HBLENGINE,PriceToBookValue_stationary,0.014
HBLENGINE,inflation-Monthly_stationary,0.0295
HBLENGINE,BookValue_stationary,0.0327
HCLTECH,inflation-Monthly_stationary,0.0007
HDFCAMC,EBITDA_stationary,0.0012
HDFCAMC,Sales_stationary,0.0023
HDFCAMC,IndianBondYieldRate_stationary,0.0244
HDFCAMC,CBOE_stationary,0.0335
HDFCBANK,Dollar-INR_stationary,0.0036
HDFCBANK,Market-Cap-Sales_stationary,0.0042
HDFCBANK,IndianBondYieldRate_stationary,0.0067
HDFCBANK,CrudeOil_stationary,0.0127
HDFCBANK,Sales_stationary,0.0332
HDFCBANK,EBITDA_stationary,0.0426
HDFCLIFE,50DayMA_stationary,0.0009
HDFCLIFE,PriceToBookValue_stationary,0.0092
HDFCLIFE,Market-Cap-Sales_stationary,0.0128
HDFCLIFE,Sales_stationary,0.0144
HDFCLIFE,IndianBondYieldRate_stationary,0.0378
HEG,PriceToBookValue_stationary,0.0
HEG,50DayMA_stationary,0.0207
HEG,Market-Cap-Sales_stationary,0.0291
HEG,100DayMA_stationary,0.039
HFCL,PriceToBookValue_stationary,0.0005
HFCL,CrudeOil_stationary,0.0042
HFCL,Volume_stationary,0.0053
HFCL,BookValue_stationary,0.0155
HFCL,NPM_stationary,0.0295
HINDALCO,CrudeOil_stationary,0.0
HINDALCO,50DayMA_stationary,0.0004
HINDALCO,100DayMA_stationary,0.001
HINDALCO,Market-Cap-Sales_stationary,0.0108
HINDALCO,PriceToBookValue_stationary,0.0161
HINDALCO,BookValue_stationary,0.0187
HINDCOPPER,Volume_stationary,0.0
HINDCOPPER,CrudeOil_stationary,0.0001
HINDCOPPER,100DayMA_stationary,0.034
HINDCOPPER,PriceToBookValue_stationary,0.0352
HINDCOPPER,Market-Cap-Sales_stationary,0.0392
HINDPETRO,CrudeOil_stationary,0.0008
HINDPETRO,Volume_stationary,0.0019
HINDPETRO,100DayMA_stationary,0.0066
HINDPETRO,CBOE_stationary,0.0184
HINDUNILVR,CrudeOil_stationary,0.0
HINDUNILVR,Volume_stationary,0.01
HINDUNILVR,Sales_stationary,0.0163
HINDUNILVR,inflation-Monthly_stationary,0.0304
HINDUNILVR,OPM_stationary,0.0461
HINDZINC,Market-Cap-Sales_stationary,0.0
HINDZINC,PriceToBookValue_stationary,0.0003
HINDZINC,Volume_stationary,0.0004
HINDZINC,50DayMA_stationary,0.0004
HINDZINC,GDP_stationary,0.0045
HINDZINC,Sales_stationary,0.0075
HINDZINC,EBITDA_stationary,0.0279
HINDZINC,100DayMA_stationary,0.0281
HOMEFIRST,Market-Cap-Sales_stationary,0.0019
HOMEFIRST,GDP_stationary,0.0309
HOMEFIRST,inflation-Monthly_stationary,0.0331
HONASA,GPM_stationary,0.0106
HONASA,CrudeOil_stationary,0.026
HONASA,IndianBondYieldRate_stationary,0.0381
HONAUT,50DayMA_stationary,0.0034
HSCL,BookValue_stationary,0.0
HSCL,PriceToBookValue_stationary,0.0
HSCL,Market-Cap-Sales_stationary,0.0
HSCL,100DayMA_stationary,0.0
HSCL,50DayMA_stationary,0.0
HSCL,inflation-Monthly_stationary,0.0024
HSCL,UnemploymentRate_stationary,0.0497
HUDCO,PriceToBookValue_stationary,0.0
HUDCO,100DayMA_stationary,0.0
HUDCO,50DayMA_stationary,0.0
HUDCO,Market-Cap-Sales_stationary,0.0001
HUDCO,Volume_stationary,0.0014
ICICIBANK,100DayMA_stationary,0.0056
ICICIBANK,PriceToBookValue_stationary,0.0203
ICICIBANK,50DayMA_stationary,0.0226
ICICIBANK,CrudeOil_stationary,0.0304
ICICIBANK,EBITDA_stationary,0.0326
ICICIBANK,Dollar-INR_stationary,0.038
ICICIBANK,Market-Cap-Sales_stationary,0.0405
ICICIGI,Market-Cap-Sales_stationary,0.0001
ICICIGI,inflation-Monthly_stationary,0.0215
ICICIGI,CrudeOil_stationary,0.0471
ICICIPRULI,EBITDA_stationary,0.0007
ICICIPRULI,50DayMA_stationary,0.001
ICICIPRULI,Volume_stationary,0.0017
ICICIPRULI,Sales_stationary,0.0085
ICICIPRULI,PriceToBookValue_stationary,0.0133
ICICIPRULI,Market-Cap-Sales_stationary,0.0226
IDBI,Market-Cap-Sales_stationary,0.0008
IDBI,Volume_stationary,0.0135
IDEA,BookValue_stationary,0.0
IDEA,50DayMA_stationary,0.0
IDEA,Market-Cap-Sales_stationary,0.02
IDEA,100DayMA_stationary,0.0383
IDFCFIRSTB,NPM_stationary,0.0002
IDFCFIRSTB,PriceToBookValue_stationary,0.0015
IDFCFIRSTB,CBOE_stationary,0.0026
IDFCFIRSTB,Market-Cap-Sales_stationary,0.0039
IDFCFIRSTB,GDP_stationary,0.0043
IDFCFIRSTB,50DayMA_stationary,0.0081
IDFCFIRSTB,Volume_stationary,0.0082
IDFCFIRSTB,UnemploymentRate_stationary,0.0313
IEX,CrudeOil_stationary,0.0246
IFCI,Volume_stationary,0.0
IFCI,PriceToBookValue_stationary,0.0
IFCI,Market-Cap-Sales_stationary,0.0
IFCI,100DayMA_stationary,0.0
IFCI,50DayMA_stationary,0.0002
IGL,EBITDA_stationary,0.0
IGL,PriceToBookValue_stationary,0.0024
IGL,Sales_stationary,0.0041
IGL,Volume_stationary,0.0095
IGL,Market-Cap-Sales_stationary,0.0394
IIFL,Market-Cap-Sales_stationary,0.0313
IIFL,PriceToBookValue_stationary,0.0476
INDGN,inflation-Monthly_stationary,0.0025
INDGN,EBITDA_stationary,0.0248
INDGN,Sales_stationary,0.0445
INDGN,PriceToBookValue_stationary,0.0447
INDGN,100DayMA_stationary,0.0468
INDHOTEL,PriceToBookValue_stationary,0.0149
INDHOTEL,100DayMA_stationary,0.0273
INDHOTEL,GPM_stationary,0.0464
INDIACEM,Volume_stationary,0.0016
INDIACEM,inflation-yearly_stationary,0.0056
INDIACEM,Market-Cap-Sales_stationary,0.0121
INDIACEM,UnemploymentRate_stationary,0.0147
INDIACEM,EBITDA_stationary,0.0157
INDIACEM,50DayMA_stationary,0.019
INDIACEM,PriceToBookValue_stationary,0.0241
INDIAMART,100DayMA_stationary,0.0082
INDIAMART,NPM_stationary,0.0247
INDIANB,100DayMA_stationary,0.014
INDIANB,Market-Cap-Sales_stationary,0.0238
INDIGO,CrudeOil_stationary,0.0063
INDIGO,EBITDA_stationary,0.0415
INDUSINDBK,Sales_stationary,0.001
INDUSINDBK,EBITDA_stationary,0.0065
INDUSINDBK,50DayMA_stationary,0.008
INDUSINDBK,PriceToBookValue_stationary,0.0197
INDUSINDBK,100DayMA_stationary,0.0354
INDUSTOWER,Volume_stationary,0.0048
INDUSTOWER,Market-Cap-Sales_stationary,0.0296
INFY,Sales_stationary,0.0001
INFY,EBITDA_stationary,0.0005
INFY,CrudeOil_stationary,0.0039
INOXINDIA,Volume_stationary,0.0
INOXWIND,PriceToBookValue_stationary,0.0
INOXWIND,Market-Cap-Sales_stationary,0.0
INOXWIND,100DayMA_stationary,0.0397
INOXWIND,50DayMA_stationary,0.0456
INTELLECT,Volume_stationary,0.0003
INTELLECT,EBITDA_stationary,0.0127
INTELLECT,100DayMA_stationary,0.0323
INTELLECT,PriceToBookValue_stationary,0.0433
IOB,Volume_stationary,0.0
IOB,PriceToBookValue_stationary,0.0
IOB,Market-Cap-Sales_stationary,0.0
IOB,50DayMA_stationary,0.0063
IOB,100DayMA_stationary,0.0268
IOB,CrudeOil_stationary,0.0297
IOC,Market-Cap-Sales_stationary,0.021
IPCALAB,CBOE_stationary,0.0
IPCALAB,inflation-yearly_stationary,0.0
IPCALAB,UnemploymentRate_stationary,0.0
IPCALAB,GDP_stationary,0.002
IPCALAB,OPM_stationary,0.0054
IPCALAB,EBITDA_stationary,0.0173
IPCALAB,GPM_stationary,0.0277
IPCALAB,BookValue_stationary,0.0358
IRB,CBOE_stationary,0.0074
IRCON,Dollar-INR_stationary,0.0
IRCON,NPM_stationary,0.0
IRCON,OPM_stationary,0.0
IRCON,inflation-Monthly_stationary,0.0015
IRCON,Market-Cap-Sales_stationary,0.0037
IRCTC,100DayMA_stationary,0.0
IRCTC,50DayMA_stationary,0.0
IRCTC,GPM_stationary,0.0285
IREDA,OPM_stationary,0.0272
IREDA,100DayMA_stationary,0.0393
IREDA,Volume_stationary,0.0424
IREDA,50DayMA_stationary,0.0424
IRFC,Volume_stationary,0.0
IRFC,50DayMA_stationary,0.0042
ISEC,Market-Cap-Sales_stationary,0.0005
ISEC,CBOE_stationary,0.0116
ISEC,Dollar-INR_stationary,0.0132
ISEC,Sales_stationary,0.015
ISEC,100DayMA_stationary,0.0202
ISEC,50DayMA_stationary,0.0202
ISEC,EBITDA_stationary,0.0212
ITC,Volume_stationary,0.0008
ITC,NPM_stationary,0.0399
ITI,Volume_stationary,0.0
ITI,Market-Cap-Sales_stationary,0.0
ITI,50DayMA_stationary,0.0
ITI,EBITDA_stationary,0.0008
ITI,100DayMA_stationary,0.0013
ITI,PriceToBookValue_stationary,0.0407
J&KBANK,100DayMA_stationary,0.0009
J&KBANK,Sales_stationary,0.0014
J&KBANK,EBITDA_stationary,0.0218
J&KBANK,50DayMA_stationary,0.0254
J&KBANK,Volume_stationary,0.0374
JBCHEPHARM,100DayMA_stationary,0.0
JBCHEPHARM,50DayMA_stationary,0.0
JBCHEPHARM,Market-Cap-Sales_stationary,0.0001
JBCHEPHARM,Volume_stationary,0.0006
JBCHEPHARM,PriceToBookValue_stationary,0.0049
JBMA,PriceToBookValue_stationary,0.0
JBMA,Market-Cap-Sales_stationary,0.0
JBMA,50DayMA_stationary,0.0
JBMA,100DayMA_stationary,0.0074
JBMA,CBOE_stationary,0.0118
JBMA,EBITDA_stationary,0.0122
JBMA,Volume_stationary,0.0232
JINDALSAW,BookValue_stationary,0.0
JINDALSAW,PriceToBookValue_stationary,0.0
JINDALSAW,100DayMA_stationary,0.0
JINDALSAW,CrudeOil_stationary,0.0013
JINDALSAW,50DayMA_stationary,0.0091
JINDALSTEL,CrudeOil_stationary,0.0001
JINDALSTEL,EBITDA_stationary,0.0173
JINDALSTEL,Sales_stationary,0.0246
JIOFIN,50DayMA_stationary,0.0326
JIOFIN,CBOE_stationary,0.0345
JIOFIN,100DayMA_stationary,0.0422
JKCEMENT,EBITDA_stationary,0.0002
JKCEMENT,Market-Cap-Sales_stationary,0.0004
JKCEMENT,PriceToBookValue_stationary,0.0288
JKCEMENT,50DayMA_stationary,0.0467
JKCEMENT,100DayMA_stationary,0.0473
JKLAKSHMI,EBITDA_stationary,0.0
JKLAKSHMI,PriceToBookValue_stationary,0.0
JKLAKSHMI,Market-Cap-Sales_stationary,0.0016
JKLAKSHMI,50DayMA_stationary,0.0109
JKTYRE,Volume_stationary,0.0036
JKTYRE,CBOE_stationary,0.0214
JKTYRE,BookValue_stationary,0.0407
JMFINANCIL,CrudeOil_stationary,0.0101
JMFINANCIL,Volume_stationary,0.0175
JPPOWER,Volume_stationary,0.0
JPPOWER,inflation-Monthly_stationary,0.0043
JPPOWER,Sales_stationary,0.0142
JPPOWER,EBITDA_stationary,0.018
JPPOWER,PriceToBookValue_stationary,0.0378
JSL,Volume_stationary,0.0
JSL,PriceToBookValue_stationary,0.0
JSL,Market-Cap-Sales_stationary,0.0001
JSL,50DayMA_stationary,0.0013
JSL,100DayMA_stationary,0.0169
JSL,CrudeOil_stationary,0.0195
JSWENERGY,Volume_stationary,0.0
JSWENERGY,PriceToBookValue_stationary,0.0
JSWENERGY,Market-Cap-Sales_stationary,0.0
JSWENERGY,50DayMA_stationary,0.0001
JSWENERGY,BookValue_stationary,0.0007
JSWENERGY,CrudeOil_stationary,0.0029
JSWENERGY,100DayMA_stationary,0.0148
JSWENERGY,EBITDA_stationary,0.0174
JSWINFRA,50DayMA_stationary,0.0487
JSWSTEEL,CrudeOil_stationary,0.0001
JSWSTEEL,Sales_stationary,0.0001
JSWSTEEL,EBITDA_stationary,0.004
JSWSTEEL,PriceToBookValue_stationary,0.0053
JSWSTEEL,Market-Cap-Sales_stationary,0.0085
JSWSTEEL,50DayMA_stationary,0.0099
JSWSTEEL,Volume_stationary,0.0321
JUBLFOOD,IndianBondYieldRate_stationary,0.0058
JUBLFOOD,CrudeOil_stationary,0.0138
JUBLINGREA,PriceToBookValue_stationary,0.0094
JUBLPHARMA,EBITDA_stationary,0.0026
JUBLPHARMA,inflation-Monthly_stationary,0.0092
JUSTDIAL,EBITDA_stationary,0.0009
JUSTDIAL,Dollar-INR_stationary,0.0043
JUSTDIAL,Sales_stationary,0.0093
JUSTDIAL,GDP_stationary,0.0144
JUSTDIAL,PriceToBookValue_stationary,0.029
JWL,Market-Cap-Sales_stationary,0.0
JWL,100DayMA_stationary,0.0
JWL,50DayMA_stationary,0.0
JWL,Volume_stationary,0.0002
JWL,PriceToBookValue_stationary,0.0127
JWL,CrudeOil_stationary,0.0201
JYOTHYLAB,EBITDA_stationary,0.0
JYOTHYLAB,Market-Cap-Sales_stationary,0.0003
JYOTHYLAB,Sales_stationary,0.0018
JYOTHYLAB,PriceToBookValue_stationary,0.004
JYOTICNC,PriceToBookValue_stationary,0.0086
JYOTICNC,Market-Cap-Sales_stationary,0.0243
KAJARIACER,PriceToBookValue_stationary,0.0001
KAJARIACER,Market-Cap-Sales_stationary,0.0016
KAJARIACER,Dollar-INR_stationary,0.0254
KALYANKJIL,Sales_stationary,0.0077
KALYANKJIL,BookValue_stationary,0.0089
KALYANKJIL,Volume_stationary,0.0161
KALYANKJIL,50DayMA_stationary,0.0418
KALYANKJIL,inflation-Monthly_stationary,0.0479
KANSAINER,NPM_stationary,0.0
KANSAINER,OPM_stationary,0.0
KANSAINER,Sales_stationary,0.0021
KANSAINER,Dollar-INR_stationary,0.0093
KANSAINER,GPM_stationary,0.028
KANSAINER,inflation-Monthly_stationary,0.0294
KAYNES,Market-Cap-Sales_stationary,0.0
KAYNES,PriceToBookValue_stationary,0.0023
KAYNES,50DayMA_stationary,0.0039
KAYNES,Volume_stationary,0.0094
KAYNES,Sales_stationary,0.0218
KAYNES,EBITDA_stationary,0.0398
KEC,Volume_stationary,0.007
KEC,BookValue_stationary,0.0131
KEI,BookValue_stationary,0.0027
KEI,100DayMA_stationary,0.0064
KEI,PriceToBookValue_stationary,0.02
KEI,50DayMA_stationary,0.0207
KFINTECH,BookValue_stationary,0.0
KFINTECH,PriceToBookValue_stationary,0.0007
KFINTECH,Market-Cap-Sales_stationary,0.0268
KFINTECH,100DayMA_stationary,0.0304
KIMS,50DayMA_stationary,0.0
KIMS,100DayMA_stationary,0.0001
KIMS,Volume_stationary,0.0043
KIRLOSBROS,100DayMA_stationary,0.0
KIRLOSBROS,50DayMA_stationary,0.0
KIRLOSBROS,PriceToBookValue_stationary,0.0001
KIRLOSBROS,BookValue_stationary,0.0002
KIRLOSBROS,EBITDA_stationary,0.0007
KIRLOSBROS,Market-Cap-Sales_stationary,0.0048
KIRLOSBROS,inflation-Monthly_stationary,0.0247
KIRLOSBROS,NPM_stationary,0.0419
KIRLOSENG,100DayMA_stationary,0.0
KIRLOSENG,50DayMA_stationary,0.0
KIRLOSENG,BookValue_stationary,0.0001
KIRLOSENG,Market-Cap-Sales_stationary,0.0004
KIRLOSENG,PriceToBookValue_stationary,0.0005
KIRLOSENG,EBITDA_stationary,0.0019
KIRLOSENG,NPM_stationary,0.0055
KIRLOSENG,CBOE_stationary,0.0317
KNRCON,Volume_stationary,0.0009
KNRCON,Sales_stationary,0.0044
KNRCON,EBITDA_stationary,0.0064
KOTAKBANK,PriceToBookValue_stationary,0.0129
KOTAKBANK,Dollar-INR_stationary,0.0307
KPIL,100DayMA_stationary,0.0
KPIL,Sales_stationary,0.0016
KPIL,50DayMA_stationary,0.0018
KPIL,PriceToBookValue_stationary,0.0076
KPIL,Market-Cap-Sales_stationary,0.0104
KPITTECH,100DayMA_stationary,0.0
KPITTECH,50DayMA_stationary,0.0
KPITTECH,BookValue_stationary,0.0032
KPITTECH,EBITDA_stationary,0.0085
KPRMILL,100DayMA_stationary,0.0018
KPRMILL,50DayMA_stationary,0.0143
KSB,100DayMA_stationary,0.0049
LALPATHLAB,EBITDA_stationary,0.0001
LALPATHLAB,Market-Cap-Sales_stationary,0.0002
LALPATHLAB,Sales_stationary,0.0004
LALPATHLAB,OPM_stationary,0.0027
LALPATHLAB,NPM_stationary,0.0044
LALPATHLAB,50DayMA_stationary,0.0103
LALPATHLAB,PriceToBookValue_stationary,0.0144
LALPATHLAB,100DayMA_stationary,0.0192
LATENTVIEW,EBITDA_stationary,0.002
LATENTVIEW,Sales_stationary,0.005
LATENTVIEW,50DayMA_stationary,0.0079
LATENTVIEW,CBOE_stationary,0.0161
LATENTVIEW,CrudeOil_stationary,0.017
LATENTVIEW,inflation-Monthly_stationary,0.038
LAURUSLABS,Market-Cap-Sales_stationary,0.0
LAURUSLABS,PriceToBookValue_stationary,0.0001
LAURUSLABS,50DayMA_stationary,0.005
LAURUSLABS,100DayMA_stationary,0.0116
LEMONTREE,50DayMA_stationary,0.0004
LEMONTREE,Market-Cap-Sales_stationary,0.0014
LEMONTREE,CrudeOil_stationary,0.0036
LEMONTREE,100DayMA_stationary,0.0136
