Ticker,Forecast_Horizon_Days,Predicted_Close_Price,Confidence_%,Suggested_Related_Stocks
360ONE,30,1112.44,0.0,"ADANIENSOL, ADANIGREEN"
360ONE,180,1107.38,0.0,"ADANIENSOL, ADANIGREEN"
360ONE,365,1087.32,25.87,"ADANIENSOL, ADANIGREEN"
3MINDIA,30,27037.12,83.56,"GMDCLTD, AWL"
3MINDIA,180,26863.47,76.13,"GMDCLTD, AWL"
3MINDIA,365,26977.14,80.68,"GMDCLTD, AWL"
AARTIIND,30,959.95,0.0,"ALOKINDS, ANGELONE"
AARTIIND,180,960.16,0.0,"ALOKINDS, ANGELONE"
AARTIIND,365,951.66,0.0,"ALOKINDS, ANGELONE"
AAVAS,30,1903.99,63.26,"AXISBANK, CLEAN"
AAVAS,180,1900.68,46.66,"AXISBANK, CLEAN"
AAVAS,365,1898.01,31.98,"AXISBANK, CLEAN"
ABB,30,3709.78,79.49,"ABCAPITAL, ACE"
ABB,180,3731.76,80.47,"ABCAPITAL, ACE"
ABB,365,3865.52,82.52,"ABCAPITAL, ACE"
ABCAPITAL,30,133.69,61.38,"PRESTIGE, ADANIENT"
ABCAPITAL,180,134.22,62.27,"PRESTIGE, ADANIENT"
ABCAPITAL,365,134.26,58.25,"PRESTIGE, ADANIENT"
ABFRL,30,244.28,61.47,"AJANTPHARM, GMDCLTD"
ABFRL,180,245.54,60.96,"AJANTPHARM, GMDCLTD"
ABFRL,365,246.14,60.43,"AJANTPHARM, GMDCLTD"
ABREL,30,1181.56,82.93,"BAJAJ-AUTO, GMDCLTD"
ABREL,180,1194.63,83.01,"BAJAJ-AUTO, GMDCLTD"
ABREL,365,1195.4,79.28,"BAJAJ-AUTO, GMDCLTD"
ABSLAMC,30,542.32,77.18,"ABCAPITAL, ADANIENT"
ABSLAMC,180,540.1,70.82,"ABCAPITAL, ADANIENT"
ABSLAMC,365,539.31,69.66,"ABCAPITAL, ADANIENT"
ACC,30,1900.6,0.0,"3MINDIA, ABB"
ACC,180,1893.78,0.0,"3MINDIA, ABB"
ACC,365,1895.83,0.0,"3MINDIA, ABB"
ACE,30,533.76,80.14,"COCHINSHIP, FINEORG"
ACE,180,534.08,78.34,"COCHINSHIP, FINEORG"
ACE,365,550.96,80.56,"COCHINSHIP, FINEORG"
ACI,30,630.78,0.0,"3MINDIA, ABB"
ACI,180,625.38,29.91,"3MINDIA, ABB"
ACI,365,622.92,16.47,"3MINDIA, ABB"
ADANIENSOL,30,1258.73,77.6,"3MINDIA, AWL"
ADANIENSOL,180,1284.02,80.15,"3MINDIA, AWL"
ADANIENSOL,365,1298.29,82.08,"3MINDIA, AWL"
ADANIENT,30,1781.55,74.33,"THERMAX, ABCAPITAL"
ADANIENT,180,1783.55,74.07,"THERMAX, ABCAPITAL"
ADANIENT,365,1773.62,69.86,"THERMAX, ABCAPITAL"
ADANIGREEN,30,1216.68,71.53,"NYKAA, ABCAPITAL"
ADANIGREEN,180,1205.8,66.59,"NYKAA, ABCAPITAL"
ADANIGREEN,365,1216.6,73.03,"NYKAA, ABCAPITAL"
ADANIPORTS,30,732.02,52.75,"ADANIENT, KALYANKJIL"
ADANIPORTS,180,740.46,48.3,"ADANIENT, KALYANKJIL"
ADANIPORTS,365,734.23,40.97,"ADANIENT, KALYANKJIL"
ADANIPOWER,30,205.77,0.0,"3MINDIA, ABB"
ADANIPOWER,180,201.84,0.0,"3MINDIA, ABB"
ADANIPOWER,365,194.13,0.0,"3MINDIA, ABB"
AEGISLOG,30,335.28,0.0,"ABB, ABCAPITAL"
AEGISLOG,180,335.31,0.0,"ABB, ABCAPITAL"
AEGISLOG,365,334.53,0.0,"ABB, ABCAPITAL"
AFFLE,30,2280.73,76.74,"ATGL, DOMS"
AFFLE,180,2325.89,77.68,"ATGL, DOMS"
AFFLE,365,2416.39,73.02,"ATGL, DOMS"
AIAENG,30,2544.72,65.03,"APLLTD, GMDCLTD"
AIAENG,180,2562.2,68.79,"APLLTD, GMDCLTD"
AIAENG,365,2577.5,73.2,"APLLTD, GMDCLTD"
AJANTPHARM,30,1721.15,45.4,"ABFRL, GMDCLTD"
AJANTPHARM,180,1722.63,49.45,"ABFRL, GMDCLTD"
AJANTPHARM,365,1723.69,46.7,"ABFRL, GMDCLTD"
AKUMS,30,591.29,0.0,"3MINDIA, AARTIIND"
AKUMS,180,580.01,32.68,"3MINDIA, AARTIIND"
AKUMS,365,572.96,21.59,"3MINDIA, AARTIIND"
ALKEM,30,3292.1,0.92,"ADANIENT, AWL"
ALKEM,180,3304.08,7.72,"ADANIENT, AWL"
ALKEM,365,3296.23,0.0,"ADANIENT, AWL"
ALKYLAMINE,30,2910.16,75.06,"RBLBANK, ALOKINDS"
ALKYLAMINE,180,2936.37,76.96,"RBLBANK, ALOKINDS"
ALKYLAMINE,365,2980.66,76.67,"RBLBANK, ALOKINDS"
ALOKINDS,30,24.22,65.25,"ABCAPITAL, ANGELONE"
ALOKINDS,180,24.17,59.49,"ABCAPITAL, ANGELONE"
ALOKINDS,365,24.19,50.21,"ABCAPITAL, ANGELONE"
AMBER,30,2991.18,79.68,"BRIGADE, CAMS"
AMBER,180,3036.58,82.82,"BRIGADE, CAMS"
AMBER,365,3073.1,83.74,"BRIGADE, CAMS"
AMBUJACEM,30,396.85,79.93,"ABCAPITAL, ADANIENT"
AMBUJACEM,180,400.5,79.41,"ABCAPITAL, ADANIENT"
AMBUJACEM,365,404.25,79.31,"ABCAPITAL, ADANIENT"
ANANDRATHI,30,2801.5,76.86,"ABCAPITAL, ADANIENT"
ANANDRATHI,180,2920.51,74.93,"ABCAPITAL, ADANIENT"
ANANDRATHI,365,3124.77,80.07,"ABCAPITAL, ADANIENT"
ANANTRAJ,30,161.26,0.0,"AARTIIND, ABB"
ANANTRAJ,180,157.6,0.0,"AARTIIND, ABB"
ANANTRAJ,365,158.4,0.0,"AARTIIND, ABB"
ANGELONE,30,1848.95,41.5,"BAJAJ-AUTO, LALPATHLAB"
ANGELONE,180,1840.51,25.03,"BAJAJ-AUTO, LALPATHLAB"
ANGELONE,365,1843.41,0.0,"BAJAJ-AUTO, LALPATHLAB"
APARINDS,30,3080.84,72.34,"ATGL, CYIENT"
APARINDS,180,3133.98,74.24,"ATGL, CYIENT"
APARINDS,365,3149.32,75.85,"ATGL, CYIENT"
APLLTD,30,799.08,80.81,"AIAENG, GMDCLTD"
APLLTD,180,803.67,75.5,"AIAENG, GMDCLTD"
APLLTD,365,808.96,77.35,"AIAENG, GMDCLTD"
APOLLOHOSP,30,4131.13,80.47,"BRIGADE, CAMS"
APOLLOHOSP,180,4197.72,85.06,"BRIGADE, CAMS"
APOLLOHOSP,365,4239.03,81.62,"BRIGADE, CAMS"
APOLLOTYRE,30,315.17,82.03,"ABFRL, AIAENG"
APOLLOTYRE,180,317.43,78.53,"ABFRL, AIAENG"
APOLLOTYRE,365,324.09,77.38,"ABFRL, AIAENG"
APTUS,30,306.86,0.0,"ADANIENSOL, AUROPHARMA"
APTUS,180,306.97,0.0,"ADANIENSOL, AUROPHARMA"
APTUS,365,305.45,0.0,"ADANIENSOL, AUROPHARMA"
ARE&M,30,784.08,0.0,"AIAENG, APLLTD"
ARE&M,180,788.5,0.0,"AIAENG, APLLTD"
ARE&M,365,784.64,0.0,"AIAENG, APLLTD"
ASAHIINDIA,30,458.63,81.75,"ASTERDM, AWL"
ASAHIINDIA,180,463.66,85.94,"ASTERDM, AWL"
ASAHIINDIA,365,465.24,75.99,"ASTERDM, AWL"
ASHOKLEY,30,141.37,75.37,"BRIGADE, CAMS"
ASHOKLEY,180,140.83,68.52,"BRIGADE, CAMS"
ASHOKLEY,365,141.24,65.26,"BRIGADE, CAMS"
ASIANPAINT,30,2446.63,0.0,"ATGL, ATUL"
ASIANPAINT,180,2448.86,0.0,"ATGL, ATUL"
ASIANPAINT,365,2410.58,0.0,"ATGL, ATUL"
ASTERDM,30,263.27,80.95,"ASAHIINDIA, AWL"
ASTERDM,180,264.78,83.78,"ASAHIINDIA, AWL"
ASTERDM,365,270.12,82.22,"ASAHIINDIA, AWL"
ASTRAL,30,1615.28,0.0,"ABCAPITAL, ALOKINDS"
ASTRAL,180,1617.89,0.0,"ABCAPITAL, ALOKINDS"
ASTRAL,365,1620.85,0.0,"ABCAPITAL, ALOKINDS"
ATGL,30,1091.21,3.5,"GMDCLTD, PAYTM"
ATGL,180,1106.29,0.0,"GMDCLTD, PAYTM"
ATGL,365,1063.99,0.0,"GMDCLTD, PAYTM"
ATUL,30,6907.81,85.9,"FSL, GMDCLTD"
ATUL,180,6980.53,81.81,"FSL, GMDCLTD"
ATUL,365,6997.77,79.23,"FSL, GMDCLTD"
AUROPHARMA,30,861.01,82.37,"NAVINFLUOR, ABFRL"
AUROPHARMA,180,864.84,80.84,"NAVINFLUOR, ABFRL"
AUROPHARMA,365,864.33,73.82,"NAVINFLUOR, ABFRL"
AVANTIFEED,30,598.76,79.32,"ABB, ABCAPITAL"
AVANTIFEED,180,609.31,80.49,"ABB, ABCAPITAL"
AVANTIFEED,365,612.94,76.72,"ABB, ABCAPITAL"
AWL,30,459.35,82.64,"BASF, BSE"
AWL,180,462.23,82.83,"BASF, BSE"
AWL,365,467.79,80.91,"BASF, BSE"
AXISBANK,30,830.45,70.12,"ANGELONE, ALOKINDS"
AXISBANK,180,829.75,71.83,"ANGELONE, ALOKINDS"
AXISBANK,365,824.76,56.51,"ANGELONE, ALOKINDS"
BAJAJ-AUTO,30,4748.63,19.12,"LALPATHLAB, ANGELONE"
BAJAJ-AUTO,180,4789.43,18.91,"LALPATHLAB, ANGELONE"
BAJAJ-AUTO,365,4777.1,15.76,"LALPATHLAB, ANGELONE"
BAJAJFINSV,30,6944.85,0.0,"ANGELONE, ATGL"
BAJAJFINSV,180,6933.82,0.0,"ANGELONE, ATGL"
BAJAJFINSV,365,6831.31,0.0,"ANGELONE, ATGL"
BAJAJHLDNG,30,5311.62,0.0,"ANGELONE, AXISBANK"
BAJAJHLDNG,180,5239.54,0.0,"ANGELONE, AXISBANK"
BAJAJHLDNG,365,5227.71,0.0,"ANGELONE, AXISBANK"
BAJFINANCE,30,6280.64,76.43,"ALOKINDS, ABB"
BAJFINANCE,180,6355.21,71.66,"ALOKINDS, ABB"
BAJFINANCE,365,6350.3,76.16,"ALOKINDS, ABB"
BALAMINES,30,2036.68,83.84,"ALOKINDS, ANGELONE"
BALAMINES,180,2062.39,80.61,"ALOKINDS, ANGELONE"
BALAMINES,365,2104.99,83.3,"ALOKINDS, ANGELONE"
BALKRISIND,30,1923.18,71.95,"3MINDIA, ABB"
BALKRISIND,180,1919.41,75.93,"3MINDIA, ABB"
BALKRISIND,365,1909.27,57.26,"3MINDIA, ABB"
BALRAMCHIN,30,344.44,76.21,"ALOKINDS, CLEAN"
BALRAMCHIN,180,347.66,76.69,"ALOKINDS, CLEAN"
BALRAMCHIN,365,354.97,82.1,"ALOKINDS, CLEAN"
BANKBARODA,30,131.68,0.0,"ANGELONE, AXISBANK"
BANKBARODA,180,132.72,0.0,"ANGELONE, AXISBANK"
BANKBARODA,365,130.39,0.0,"ANGELONE, AXISBANK"
BANKINDIA,30,85.07,80.09,"CAMS, SKFINDIA"
BANKINDIA,180,85.94,81.46,"CAMS, SKFINDIA"
BANKINDIA,365,86.52,80.17,"CAMS, SKFINDIA"
BASF,30,3316.68,81.34,"AWL, 3MINDIA"
BASF,180,3305.16,82.79,"AWL, 3MINDIA"
BASF,365,3299.86,85.02,"AWL, 3MINDIA"
BATAINDIA,30,1551.03,66.71,"AXISBANK, CAMS"
BATAINDIA,180,1557.65,75.11,"AXISBANK, CAMS"
BATAINDIA,365,1559.79,71.9,"AXISBANK, CAMS"
BBTC,30,1343.68,26.28,"ABB, ABCAPITAL"
BBTC,180,1343.11,28.11,"ABB, ABCAPITAL"
BBTC,365,1346.91,5.71,"ABB, ABCAPITAL"
BEL,30,169.61,78.78,"AIAENG, APLLTD"
BEL,180,172.13,79.21,"AIAENG, APLLTD"
BEL,365,173.65,78.95,"AIAENG, APLLTD"
BEML,30,1719.15,26.08,"ABB, ABCAPITAL"
BEML,180,1699.71,0.0,"ABB, ABCAPITAL"
BEML,365,1717.53,13.63,"ABB, ABCAPITAL"
BERGEPAINT,30,546.45,0.0,"3MINDIA, ABFRL"
BERGEPAINT,180,541.85,3.28,"3MINDIA, ABFRL"
BERGEPAINT,365,541.34,0.0,"3MINDIA, ABFRL"
BHARATFORG,30,871.2,86.57,"ABFRL, AIAENG"
BHARATFORG,180,884.54,82.65,"ABFRL, AIAENG"
BHARATFORG,365,897.74,80.95,"ABFRL, AIAENG"
BHARTIARTL,30,713.91,0.0,"AARTIIND, ABB"
BHARTIARTL,180,705.52,0.0,"AARTIIND, ABB"
BHARTIARTL,365,695.27,13.34,"AARTIIND, ABB"
BHEL,30,100.69,0.0,"ABB, ABCAPITAL"
BHEL,180,100.88,0.0,"ABB, ABCAPITAL"
BHEL,365,100.17,0.0,"ABB, ABCAPITAL"
BIKAJI,30,617.82,69.81,"AAVAS, ALOKINDS"
BIKAJI,180,615.81,77.78,"AAVAS, ALOKINDS"
BIKAJI,365,608.51,75.35,"AAVAS, ALOKINDS"
BIOCON,30,386.61,46.99,"3MINDIA, ALOKINDS"
BIOCON,180,386.39,45.9,"3MINDIA, ALOKINDS"
BIOCON,365,384.71,30.69,"3MINDIA, ALOKINDS"
BIRLACORPN,30,996.17,64.27,"ANGELONE, ISEC"
BIRLACORPN,180,996.02,56.43,"ANGELONE, ISEC"
BIRLACORPN,365,994.44,49.63,"ANGELONE, ISEC"
BLS,30,200.02,21.13,"ABFRL, AIAENG"
BLS,180,198.48,0.0,"ABFRL, AIAENG"
BLS,365,197.91,0.0,"ABFRL, AIAENG"
BLUEDART,30,5435.95,19.81,"BRIGADE, CAMS"
BLUEDART,180,5431.52,32.58,"BRIGADE, CAMS"
BLUEDART,365,5475.08,24.69,"BRIGADE, CAMS"
BLUESTARCO,30,1138.66,74.38,"ABB, ABCAPITAL"
BLUESTARCO,180,1152.69,76.44,"ABB, ABCAPITAL"
BLUESTARCO,365,1164.4,79.06,"ABB, ABCAPITAL"
BOSCHLTD,30,20799.95,81.23,"ABFRL, AJANTPHARM"
BOSCHLTD,180,20680.81,78.75,"ABFRL, AJANTPHARM"
BOSCHLTD,365,20721.51,80.53,"ABFRL, AJANTPHARM"
BPCL,30,386.3,0.0,"AARTIIND, ABB"
BPCL,180,386.03,0.0,"AARTIIND, ABB"
BPCL,365,383.7,0.0,"AARTIIND, ABB"
BRIGADE,30,552.49,72.87,"CAMS, FINEORG"
BRIGADE,180,550.29,72.41,"CAMS, FINEORG"
BRIGADE,365,553.23,73.66,"CAMS, FINEORG"
BRITANNIA,30,4100.15,0.0,"3MINDIA, ABFRL"
BRITANNIA,180,4067.4,4.56,"3MINDIA, ABFRL"
BRITANNIA,365,4056.86,9.37,"3MINDIA, ABFRL"
BSE,30,1352.83,36.02,"AWL, FINCABLES"
BSE,180,1363.37,34.68,"AWL, FINCABLES"
BSE,365,1381.19,46.35,"AWL, FINCABLES"
BSOFT,30,339.49,0.0,"ATGL, GMDCLTD"
BSOFT,180,339.87,0.0,"ATGL, GMDCLTD"
BSOFT,365,341.02,0.0,"ATGL, GMDCLTD"
CAMPUS,30,363.91,81.41,"3MINDIA, ASAHIINDIA"
CAMPUS,180,370.08,78.04,"3MINDIA, ASAHIINDIA"
CAMPUS,365,381.27,78.89,"3MINDIA, ASAHIINDIA"
CAMS,30,2935.31,0.0,"BRIGADE, FINEORG"
CAMS,180,2933.76,0.0,"BRIGADE, FINEORG"
CAMS,365,2924.7,0.0,"BRIGADE, FINEORG"
CANBK,30,262.04,82.89,"ABFRL, AJANTPHARM"
CANBK,180,264.83,79.89,"ABFRL, AJANTPHARM"
CANBK,365,268.34,82.74,"ABFRL, AJANTPHARM"
CAPLIPOINT,30,911.19,78.63,"ABCAPITAL, ADANIENT"
CAPLIPOINT,180,922.0,78.43,"ABCAPITAL, ADANIENT"
CAPLIPOINT,365,939.77,79.76,"ABCAPITAL, ADANIENT"
CARBORUNIV,30,833.36,78.59,"AWL, BASF"
CARBORUNIV,180,846.56,82.78,"AWL, BASF"
CARBORUNIV,365,857.44,79.53,"AWL, BASF"
CCL,30,478.53,73.25,"ABCAPITAL, ALOKINDS"
CCL,180,484.36,82.95,"ABCAPITAL, ALOKINDS"
CCL,365,487.96,80.91,"ABCAPITAL, ALOKINDS"
CDSL,30,1090.06,83.3,"ABFRL, AJANTPHARM"
CDSL,180,1103.34,84.36,"ABFRL, AJANTPHARM"
CDSL,365,1135.25,83.6,"ABFRL, AJANTPHARM"
CEATLTD,30,1730.58,80.04,"ABCAPITAL, ADANIENT"
CEATLTD,180,1733.88,77.17,"ABCAPITAL, ADANIENT"
CEATLTD,365,1754.71,79.83,"ABCAPITAL, ADANIENT"
CELLO,30,842.15,5.62,"MARICO, EIDPARRY"
CELLO,180,837.79,0.0,"MARICO, EIDPARRY"
CELLO,365,831.58,0.0,"MARICO, EIDPARRY"
CENTRALBK,30,39.69,73.11,"3MINDIA, ABB"
CENTRALBK,180,40.69,78.13,"3MINDIA, ABB"
CENTRALBK,365,40.9,72.96,"3MINDIA, ABB"
CENTURYPLY,30,495.7,78.06,"FINCABLES, GMDCLTD"
CENTURYPLY,180,500.63,73.82,"FINCABLES, GMDCLTD"
CENTURYPLY,365,512.44,79.87,"FINCABLES, GMDCLTD"
CERA,30,5295.59,82.25,"3MINDIA, ATGL"
CERA,180,5259.72,78.59,"3MINDIA, ATGL"
CERA,365,5221.34,75.15,"3MINDIA, ATGL"
CGCL,30,398.85,0.0,"AARTIIND, ABB"
CGCL,180,396.84,0.0,"AARTIIND, ABB"
CGCL,365,395.61,0.0,"AARTIIND, ABB"
CGPOWER,30,268.12,67.08,"BAJAJ-AUTO, LALPATHLAB"
CGPOWER,180,274.85,67.08,"BAJAJ-AUTO, LALPATHLAB"
CGPOWER,365,278.73,66.26,"BAJAJ-AUTO, LALPATHLAB"
CHALET,30,443.7,69.92,"ABCAPITAL, ADANIENT"
CHALET,180,444.69,68.88,"ABCAPITAL, ADANIENT"
CHALET,365,443.71,64.03,"ABCAPITAL, ADANIENT"
CHAMBLFERT,30,301.42,73.9,"FINEORG, GMDCLTD"
CHAMBLFERT,180,299.79,69.24,"FINEORG, GMDCLTD"
CHAMBLFERT,365,302.24,72.11,"FINEORG, GMDCLTD"
CHEMPLASTS,30,493.71,52.96,"BOSCHLTD, QUESS"
CHEMPLASTS,180,492.38,40.04,"BOSCHLTD, QUESS"
CHEMPLASTS,365,491.93,13.29,"BOSCHLTD, QUESS"
CHENNPETRO,30,407.98,80.12,"CHAMBLFERT, FINEORG"
CHENNPETRO,180,413.26,79.46,"CHAMBLFERT, FINEORG"
CHENNPETRO,365,421.74,81.77,"CHAMBLFERT, FINEORG"
CHOLAHLDNG,30,878.01,84.48,"3MINDIA, ABB"
CHOLAHLDNG,180,880.28,70.46,"3MINDIA, ABB"
CHOLAHLDNG,365,896.87,73.97,"3MINDIA, ABB"
CIEINDIA,30,297.71,1.55,"ABFRL, AIAENG"
CIEINDIA,180,296.35,0.0,"ABFRL, AIAENG"
CIEINDIA,365,294.2,0.0,"ABFRL, AIAENG"
CLEAN,30,1625.3,81.19,"ALOKINDS, DEVYANI"
CLEAN,180,1624.75,72.55,"ALOKINDS, DEVYANI"
CLEAN,365,1625.77,76.49,"ALOKINDS, DEVYANI"
COALINDIA,30,262.57,52.71,"GMDCLTD, TATATECH"
COALINDIA,180,266.2,64.2,"GMDCLTD, TATATECH"
COALINDIA,365,268.37,68.46,"GMDCLTD, TATATECH"
COCHINSHIP,30,656.87,53.62,"FINEORG, GMDCLTD"
COCHINSHIP,180,660.56,49.58,"FINEORG, GMDCLTD"
COCHINSHIP,365,663.3,56.93,"FINEORG, GMDCLTD"
COFORGE,30,4060.52,78.59,"ABFRL, AIAENG"
COFORGE,180,4123.29,80.03,"ABFRL, AIAENG"
COFORGE,365,4179.64,84.78,"ABFRL, AIAENG"
CONCOR,30,673.88,0.0,"ABFRL, ABREL"
CONCOR,180,667.86,0.0,"ABFRL, ABREL"
CONCOR,365,667.41,0.0,"ABFRL, ABREL"
CONCORDBIO,30,1784.63,82.08,"ALOKINDS, ANGELONE"
CONCORDBIO,180,1819.56,86.27,"ALOKINDS, ANGELONE"
CONCORDBIO,365,1866.08,85.27,"ALOKINDS, ANGELONE"
COROMANDEL,30,964.29,82.68,"HBLENGINE, TVSMOTOR"
COROMANDEL,180,968.23,80.39,"HBLENGINE, TVSMOTOR"
COROMANDEL,365,981.32,76.59,"HBLENGINE, TVSMOTOR"
CRAFTSMAN,30,3806.34,74.11,"ATGL, ATUL"
CRAFTSMAN,180,3786.86,61.57,"ATGL, ATUL"
CRAFTSMAN,365,3771.33,55.9,"ATGL, ATUL"
CREDITACC,30,995.93,80.02,"GMDCLTD, GNFC"
CREDITACC,180,1005.01,81.31,"GMDCLTD, GNFC"
CREDITACC,365,1012.77,82.01,"GMDCLTD, GNFC"
CRISIL,30,3054.7,77.5,"GMDCLTD, GMRAIRPORT"
CRISIL,180,3077.8,79.39,"GMDCLTD, GMRAIRPORT"
CRISIL,365,3108.18,83.61,"GMDCLTD, GMRAIRPORT"
CROMPTON,30,340.13,0.0,"3MINDIA, ABFRL"
CROMPTON,180,339.27,0.0,"3MINDIA, ABFRL"
CROMPTON,365,339.76,0.0,"3MINDIA, ABFRL"
CUMMINSIND,30,1562.09,82.41,"CHAMBLFERT, FINEORG"
CUMMINSIND,180,1594.29,83.93,"CHAMBLFERT, FINEORG"
CUMMINSIND,365,1618.79,78.82,"CHAMBLFERT, FINEORG"
CYIENT,30,1086.05,74.69,"GMDCLTD, KIRLOSENG"
CYIENT,180,1086.61,71.96,"GMDCLTD, KIRLOSENG"
CYIENT,365,1082.27,71.26,"GMDCLTD, KIRLOSENG"
DABUR,30,530.15,85.27,"AWL, GODREJAGRO"
DABUR,180,531.41,85.37,"AWL, GODREJAGRO"
DABUR,365,533.88,83.63,"AWL, GODREJAGRO"
DALBHARAT,30,1715.14,81.94,"ENDURANCE, IRCON"
DALBHARAT,180,1742.28,80.9,"ENDURANCE, IRCON"
DALBHARAT,365,1760.15,77.26,"ENDURANCE, IRCON"
DBREALTY,30,107.61,80.83,"GMDCLTD, PAYTM"
DBREALTY,180,111.23,80.48,"GMDCLTD, PAYTM"
DBREALTY,365,114.92,80.19,"GMDCLTD, PAYTM"
DEEPAKNTR,30,1611.92,74.66,"GPIL, ROUTE"
DEEPAKNTR,180,1616.62,74.98,"GPIL, ROUTE"
DEEPAKNTR,365,1628.15,72.8,"GPIL, ROUTE"
DELHIVERY,30,405.24,78.56,"BANKINDIA, BATAINDIA"
DELHIVERY,180,411.89,80.99,"BANKINDIA, BATAINDIA"
DELHIVERY,365,418.2,73.31,"BANKINDIA, BATAINDIA"
DEVYANI,30,178.46,68.58,"CLEAN, EIDPARRY"
DEVYANI,180,179.28,76.44,"CLEAN, EIDPARRY"
DEVYANI,365,179.93,76.82,"CLEAN, EIDPARRY"
DIVISLAB,30,3813.68,77.93,"3MINDIA, ABB"
DIVISLAB,180,3899.58,82.79,"3MINDIA, ABB"
DIVISLAB,365,3924.25,76.37,"3MINDIA, ABB"
DIXON,30,7290.93,81.91,"ABFRL, AJANTPHARM"
DIXON,180,7449.33,77.16,"ABFRL, AJANTPHARM"
DIXON,365,7610.41,77.34,"ABFRL, AJANTPHARM"
DLF,30,369.3,0.0,"3MINDIA, AAVAS"
DLF,180,366.66,0.0,"3MINDIA, AAVAS"
DLF,365,364.83,0.0,"3MINDIA, AAVAS"
DMART,30,3566.05,82.43,"ADANIENT, AWL"
DMART,180,3605.62,84.39,"ADANIENT, AWL"
DMART,365,3630.67,81.3,"ADANIENT, AWL"
DOMS,30,2564.53,61.96,"GMDCLTD, BRIGADE"
DOMS,180,2554.78,0.0,"GMDCLTD, BRIGADE"
DOMS,365,2539.78,0.0,"GMDCLTD, BRIGADE"
DRREDDY,30,4168.59,0.0,"3MINDIA, ABFRL"
DRREDDY,180,4121.08,0.0,"3MINDIA, ABFRL"
DRREDDY,365,4127.8,0.0,"3MINDIA, ABFRL"
EASEMYTRIP,30,181.12,15.8,"AARTIIND, AAVAS"
EASEMYTRIP,180,176.84,0.0,"AARTIIND, AAVAS"
EASEMYTRIP,365,170.3,0.0,"AARTIIND, AAVAS"
ECLERX,30,1817.92,78.99,"FSL, GMDCLTD"
ECLERX,180,1826.35,75.95,"FSL, GMDCLTD"
ECLERX,365,1846.37,78.94,"FSL, GMDCLTD"
EICHERMOT,30,11555.03,70.46,"ABREL, AXISBANK"
EICHERMOT,180,11721.15,69.38,"ABREL, AXISBANK"
EICHERMOT,365,11864.34,73.56,"ABREL, AXISBANK"
EIDPARRY,30,452.74,60.1,"BRIGADE, CAMS"
EIDPARRY,180,450.66,55.35,"BRIGADE, CAMS"
EIDPARRY,365,451.41,58.83,"BRIGADE, CAMS"
EIHOTEL,30,192.71,0.0,"AMBER, BRIGADE"
EIHOTEL,180,192.07,0.0,"AMBER, BRIGADE"
EIHOTEL,365,193.23,0.0,"AMBER, BRIGADE"
ELECON,30,410.59,78.56,"ABCAPITAL, ADANIENT"
ELECON,180,424.29,71.79,"ABCAPITAL, ADANIENT"
ELECON,365,436.42,70.99,"ABCAPITAL, ADANIENT"
ELGIEQUIP,30,407.91,79.42,"ABCAPITAL, ADANIENT"
ELGIEQUIP,180,415.32,79.2,"ABCAPITAL, ADANIENT"
ELGIEQUIP,365,420.0,75.07,"ABCAPITAL, ADANIENT"
EMAMILTD,30,471.91,0.0,"3MINDIA, ABB"
EMAMILTD,180,470.59,0.0,"3MINDIA, ABB"
EMAMILTD,365,464.3,32.8,"3MINDIA, ABB"
EMCURE,30,1375.3,77.61,"DOMS, APOLLOHOSP"
EMCURE,180,1424.61,78.4,"DOMS, APOLLOHOSP"
EMCURE,365,1473.61,78.84,"DOMS, APOLLOHOSP"
ENDURANCE,30,1567.88,84.21,"ALOKINDS, AWL"
ENDURANCE,180,1559.83,87.17,"ALOKINDS, AWL"
ENDURANCE,365,1555.17,85.02,"ALOKINDS, AWL"
ENGINERSIN,30,129.51,78.98,"ABFRL, ACE"
ENGINERSIN,180,131.0,78.28,"ABFRL, ACE"
ENGINERSIN,365,133.84,78.15,"ABFRL, ACE"
ERIS,30,800.93,80.1,"AMBER, BRIGADE"
ERIS,180,803.8,79.62,"AMBER, BRIGADE"
ERIS,365,811.69,80.95,"AMBER, BRIGADE"
ESCORTS,30,1807.77,0.0,"ABREL, AWL"
ESCORTS,180,1784.33,0.0,"ABREL, AWL"
ESCORTS,365,1756.84,0.0,"ABREL, AWL"
EXIDEIND,30,266.44,82.99,"ABB, ABCAPITAL"
EXIDEIND,180,269.74,84.8,"ABB, ABCAPITAL"
EXIDEIND,365,271.81,82.26,"ABB, ABCAPITAL"
FACT,30,277.39,0.0,"ABB, ABCAPITAL"
FACT,180,282.26,5.25,"ABB, ABCAPITAL"
FACT,365,274.17,0.0,"ABB, ABCAPITAL"
FEDERALBNK,30,113.63,69.64,"3MINDIA, ABB"
FEDERALBNK,180,112.62,68.85,"3MINDIA, ABB"
FEDERALBNK,365,112.73,49.33,"3MINDIA, ABB"
FINCABLES,30,677.02,53.15,"GMDCLTD, AWL"
FINCABLES,180,676.28,37.62,"GMDCLTD, AWL"
FINCABLES,365,661.18,13.78,"GMDCLTD, AWL"
FINEORG,30,3912.07,5.49,"GMDCLTD, GODFRYPHLP"
FINEORG,180,3872.4,0.0,"GMDCLTD, GODFRYPHLP"
FINEORG,365,3834.87,0.0,"GMDCLTD, GODFRYPHLP"
FINPIPE,30,351.84,0.0,"AARTIIND, ALOKINDS"
FINPIPE,180,352.44,0.0,"AARTIIND, ALOKINDS"
FINPIPE,365,348.21,0.0,"AARTIIND, ALOKINDS"
FLUOROCHEM,30,2653.37,78.98,"FSL, GMDCLTD"
FLUOROCHEM,180,2714.61,80.66,"FSL, GMDCLTD"
FLUOROCHEM,365,2762.02,81.11,"FSL, GMDCLTD"
FORTIS,30,309.24,76.68,"3MINDIA, ABFRL"
FORTIS,180,313.81,78.48,"3MINDIA, ABFRL"
FORTIS,365,323.68,78.03,"3MINDIA, ABFRL"
FSL,30,150.88,73.41,"GMDCLTD, BRIGADE"
FSL,180,150.69,74.91,"GMDCLTD, BRIGADE"
FSL,365,150.85,75.75,"GMDCLTD, BRIGADE"
GAEL,30,220.81,76.95,"ABCAPITAL, KIRLOSBROS"
GAEL,180,224.52,79.59,"ABCAPITAL, KIRLOSBROS"
GAEL,365,227.65,79.89,"ABCAPITAL, KIRLOSBROS"
GAIL,30,173.45,0.0,"3MINDIA, ABFRL"
GAIL,180,172.57,0.0,"3MINDIA, ABFRL"
GAIL,365,170.11,0.0,"3MINDIA, ABFRL"
GESHIP,30,601.88,77.0,"ATGL, GMDCLTD"
GESHIP,180,608.78,77.17,"ATGL, GMDCLTD"
GESHIP,365,620.74,78.77,"ATGL, GMDCLTD"
GICRE,30,252.17,79.91,"3MINDIA, DEEPAKNTR"
GICRE,180,254.46,82.48,"3MINDIA, DEEPAKNTR"
GICRE,365,256.05,81.37,"3MINDIA, DEEPAKNTR"
GLAND,30,2467.89,77.74,"HINDZINC, ABFRL"
GLAND,180,2475.59,72.87,"HINDZINC, ABFRL"
GLAND,365,2533.03,81.21,"HINDZINC, ABFRL"
GLAXO,30,1818.14,71.98,"COCHINSHIP, FINEORG"
GLAXO,180,1840.13,72.08,"COCHINSHIP, FINEORG"
GLAXO,365,1845.19,76.56,"COCHINSHIP, FINEORG"
GLENMARK,30,773.21,79.96,"BAJAJ-AUTO, CGPOWER"
GLENMARK,180,781.57,78.83,"BAJAJ-AUTO, CGPOWER"
GLENMARK,365,788.05,80.94,"BAJAJ-AUTO, CGPOWER"
GMDCLTD,30,162.6,0.0,"RECLTD, ATGL"
GMDCLTD,180,164.73,0.0,"RECLTD, ATGL"
GMDCLTD,365,164.2,0.0,"RECLTD, ATGL"
GMRAIRPORT,30,40.72,0.0,"GMDCLTD, RECLTD"
GMRAIRPORT,180,40.53,0.0,"GMDCLTD, RECLTD"
GMRAIRPORT,365,40.52,0.0,"GMDCLTD, RECLTD"
GNFC,30,473.34,55.33,"GMDCLTD, ABFRL"
GNFC,180,473.63,57.57,"GMDCLTD, ABFRL"
GNFC,365,472.84,49.22,"GMDCLTD, ABFRL"
GODFRYPHLP,30,1896.62,4.88,"FINEORG, GMDCLTD"
GODFRYPHLP,180,1917.87,8.45,"FINEORG, GMDCLTD"
GODFRYPHLP,365,1858.4,0.0,"FINEORG, GMDCLTD"
GODREJAGRO,30,547.5,0.0,"AWL, BSE"
GODREJAGRO,180,548.15,25.47,"AWL, BSE"
GODREJAGRO,365,548.5,26.96,"AWL, BSE"
GODREJCP,30,982.93,83.98,"HDFCBANK, LATENTVIEW"
GODREJCP,180,991.58,79.32,"HDFCBANK, LATENTVIEW"
GODREJCP,365,998.26,80.89,"HDFCBANK, LATENTVIEW"
GODREJIND,30,611.22,74.11,"ABB, ABCAPITAL"
GODREJIND,180,619.18,75.21,"ABB, ABCAPITAL"
GODREJIND,365,618.75,69.29,"ABB, ABCAPITAL"
GODREJPROP,30,1578.17,82.31,"GMDCLTD, GMRAIRPORT"
GODREJPROP,180,1583.23,75.79,"GMDCLTD, GMRAIRPORT"
GODREJPROP,365,1584.78,74.19,"GMDCLTD, GMRAIRPORT"
GPIL,30,447.38,0.0,"LLOYDSME, ALOKINDS"
GPIL,180,448.97,0.0,"LLOYDSME, ALOKINDS"
GPIL,365,442.44,0.0,"LLOYDSME, ALOKINDS"
GPPL,30,120.69,78.21,"AIAENG, APLLTD"
GPPL,180,121.68,78.41,"AIAENG, APLLTD"
GPPL,365,123.19,78.2,"AIAENG, APLLTD"
GRANULES,30,293.06,0.0,"AARTIIND, ABB"
GRANULES,180,293.87,0.0,"AARTIIND, ABB"
GRANULES,365,292.33,0.0,"AARTIIND, ABB"
GRAPHITE,30,507.18,35.33,"ALOKINDS, AWL"
GRAPHITE,180,508.16,36.08,"ALOKINDS, AWL"
GRAPHITE,365,507.71,50.45,"ALOKINDS, AWL"
GRINDWELL,30,1354.77,0.0,"AMBER, BRIGADE"
GRINDWELL,180,1362.73,0.0,"AMBER, BRIGADE"
GRINDWELL,365,1365.98,0.0,"AMBER, BRIGADE"
GRINFRA,30,1461.76,80.03,"HAPPSTMNDS, HINDZINC"
GRINFRA,180,1470.57,85.3,"HAPPSTMNDS, HINDZINC"
GRINFRA,365,1486.17,82.29,"HAPPSTMNDS, HINDZINC"
GSFC,30,149.86,79.9,"BOSCHLTD, DOMS"
GSFC,180,150.79,78.0,"BOSCHLTD, DOMS"
GSFC,365,155.42,83.55,"BOSCHLTD, DOMS"
GSPL,30,276.72,75.95,"ABB, ABCAPITAL"
GSPL,180,279.09,74.26,"ABB, ABCAPITAL"
GSPL,365,281.06,75.81,"ABB, ABCAPITAL"
GUJGASLTD,30,497.97,81.2,"AAVAS, BIOCON"
GUJGASLTD,180,497.1,80.12,"AAVAS, BIOCON"
GUJGASLTD,365,495.9,76.31,"AAVAS, BIOCON"
HAL,30,1991.39,0.0,"GMDCLTD, MAZDOCK"
HAL,180,2000.29,0.0,"GMDCLTD, MAZDOCK"
HAL,365,2007.78,0.0,"GMDCLTD, MAZDOCK"
HAPPSTMNDS,30,872.39,0.0,"GMDCLTD, HINDZINC"
HAPPSTMNDS,180,877.15,0.0,"GMDCLTD, HINDZINC"
HAPPSTMNDS,365,869.32,0.0,"GMDCLTD, HINDZINC"
HAVELLS,30,1160.88,72.2,"ADANIENT, ADANIPORTS"
HAVELLS,180,1156.4,62.89,"ADANIENT, ADANIPORTS"
HAVELLS,365,1159.04,74.01,"ADANIENT, ADANIPORTS"
HBLENGINE,30,156.89,0.0,"FINEORG, GMDCLTD"
HBLENGINE,180,153.49,0.0,"FINEORG, GMDCLTD"
HBLENGINE,365,159.18,0.0,"FINEORG, GMDCLTD"
HCLTECH,30,1089.19,0.0,"ADANIENT, ADANIPORTS"
HCLTECH,180,1078.87,25.52,"ADANIENT, ADANIPORTS"
HCLTECH,365,1080.82,0.0,"ADANIENT, ADANIPORTS"
HDFCAMC,30,3497.19,23.43,"AUROPHARMA, CRISIL"
HDFCAMC,180,3496.77,0.0,"AUROPHARMA, CRISIL"
HDFCAMC,365,3477.77,0.0,"AUROPHARMA, CRISIL"
HDFCBANK,30,1657.73,69.96,"ABFRL, AJANTPHARM"
HDFCBANK,180,1659.02,62.45,"ABFRL, AJANTPHARM"
HDFCBANK,365,1673.21,66.67,"ABFRL, AJANTPHARM"
HDFCLIFE,30,606.22,80.81,"BATAINDIA, ABFRL"
HDFCLIFE,180,609.3,84.59,"BATAINDIA, ABFRL"
HDFCLIFE,365,609.26,77.39,"BATAINDIA, ABFRL"
HEG,30,1732.36,37.61,"ABB, ABCAPITAL"
HEG,180,1712.02,22.12,"ABB, ABCAPITAL"
HEG,365,1721.65,27.14,"ABB, ABCAPITAL"
HFCL,30,64.08,77.88,"ABCAPITAL, FSL"
HFCL,180,65.21,80.05,"ABCAPITAL, FSL"
HFCL,365,66.32,80.72,"ABCAPITAL, FSL"
HINDALCO,30,419.73,79.82,"ATGL, GMDCLTD"
HINDALCO,180,421.04,78.86,"ATGL, GMDCLTD"
HINDALCO,365,425.97,78.96,"ATGL, GMDCLTD"
HINDCOPPER,30,163.84,81.46,"ASAHIINDIA, ASTERDM"
HINDCOPPER,180,166.6,82.51,"ASAHIINDIA, ASTERDM"
HINDCOPPER,365,170.8,80.92,"ASAHIINDIA, ASTERDM"
HINDPETRO,30,291.71,45.74,"FINCABLES, GMDCLTD"
HINDPETRO,180,290.87,17.58,"FINCABLES, GMDCLTD"
HINDPETRO,365,291.72,23.22,"FINCABLES, GMDCLTD"
HINDUNILVR,30,2309.81,78.86,"AWL, GMDCLTD"
HINDUNILVR,180,2323.78,78.53,"AWL, GMDCLTD"
HINDUNILVR,365,2325.1,78.7,"AWL, GMDCLTD"
HINDZINC,30,398.49,77.97,"COCHINSHIP, FINEORG"
HINDZINC,180,396.36,67.21,"COCHINSHIP, FINEORG"
HINDZINC,365,396.9,63.32,"COCHINSHIP, FINEORG"
HONASA,30,426.77,78.96,"ADANIENSOL, 3MINDIA"
HONASA,180,452.33,78.13,"ADANIENSOL, 3MINDIA"
HONASA,365,472.25,73.32,"ADANIENSOL, 3MINDIA"
HSCL,30,184.1,78.83,"ADANIENT, KIRLOSBROS"
HSCL,180,183.59,74.72,"ADANIENT, KIRLOSBROS"
HSCL,365,182.41,69.89,"ADANIENT, KIRLOSBROS"
HUDCO,30,98.81,79.57,"ABB, ABCAPITAL"
HUDCO,180,99.83,78.4,"ABB, ABCAPITAL"
HUDCO,365,103.75,81.7,"ABB, ABCAPITAL"
ICICIBANK,30,748.26,59.42,"ABFRL, AJANTPHARM"
ICICIBANK,180,749.87,63.25,"ABFRL, AJANTPHARM"
ICICIBANK,365,746.77,51.98,"ABFRL, AJANTPHARM"
ICICIPRULI,30,528.42,78.83,"AMBER, BRIGADE"
ICICIPRULI,180,532.64,79.01,"AMBER, BRIGADE"
ICICIPRULI,365,533.45,78.36,"AMBER, BRIGADE"
IDBI,30,52.35,0.0,"3MINDIA, ABB"
IDBI,180,52.19,0.0,"3MINDIA, ABB"
IDBI,365,52.39,0.0,"3MINDIA, ABB"
IDEA,30,16.47,51.92,"ABCAPITAL, ADANIENT"
IDEA,180,16.39,47.34,"ABCAPITAL, ADANIENT"
IDEA,365,16.54,45.09,"ABCAPITAL, ADANIENT"
IDFCFIRSTB,30,56.64,71.42,"ALOKINDS, PRESTIGE"
IDFCFIRSTB,180,56.89,75.59,"ALOKINDS, PRESTIGE"
IDFCFIRSTB,365,56.52,69.53,"ALOKINDS, PRESTIGE"
IEX,30,218.36,0.0,"3MINDIA, ABFRL"
IEX,180,214.6,0.0,"3MINDIA, ABFRL"
IEX,365,214.2,0.0,"3MINDIA, ABFRL"
IFCI,30,24.71,81.79,"ABB, ABCAPITAL"
IFCI,180,25.42,84.46,"ABB, ABCAPITAL"
IFCI,365,25.51,82.75,"ABB, ABCAPITAL"
IGL,30,438.87,81.18,"AMBER, BRIGADE"
IGL,180,440.29,84.77,"AMBER, BRIGADE"
IGL,365,443.33,77.48,"AMBER, BRIGADE"
IIFL,30,386.91,66.2,"3MINDIA, ABB"
IIFL,180,384.44,49.26,"3MINDIA, ABB"
IIFL,365,383.68,45.28,"3MINDIA, ABB"
INDGN,30,647.97,82.31,"HBLENGINE, TVSMOTOR"
INDGN,180,661.34,86.34,"HBLENGINE, TVSMOTOR"
INDGN,365,672.52,83.24,"HBLENGINE, TVSMOTOR"
INDHOTEL,30,373.32,77.2,"ALOKINDS, AWL"
INDHOTEL,180,372.56,71.34,"ALOKINDS, AWL"
INDHOTEL,365,388.13,73.13,"ALOKINDS, AWL"
INDIACEM,30,201.48,76.16,"ALOKINDS, EIDPARRY"
INDIACEM,180,202.56,74.99,"ALOKINDS, EIDPARRY"
INDIACEM,365,202.86,73.7,"ALOKINDS, EIDPARRY"
INDIAMART,30,4180.06,0.0,"ABCAPITAL, ALOKINDS"
INDIAMART,180,4205.65,0.0,"ABCAPITAL, ALOKINDS"
INDIAMART,365,4247.39,0.0,"ABCAPITAL, ALOKINDS"
INDIANB,30,261.46,0.0,"AARTIIND, ABB"
INDIANB,180,261.46,0.0,"AARTIIND, ABB"
INDIANB,365,254.88,0.0,"AARTIIND, ABB"
INDIGO,30,2071.17,0.0,"3MINDIA, ABFRL"
INDIGO,180,2078.5,0.0,"3MINDIA, ABFRL"
INDIGO,365,2055.91,0.0,"3MINDIA, ABFRL"
INDUSINDBK,30,1325.41,83.58,"ABFRL, AJANTPHARM"
INDUSINDBK,180,1338.25,85.49,"ABFRL, AJANTPHARM"
INDUSINDBK,365,1337.5,77.41,"ABFRL, AJANTPHARM"
INDUSTOWER,30,250.87,0.0,"3MINDIA, ABB"
INDUSTOWER,180,251.13,0.0,"3MINDIA, ABB"
INDUSTOWER,365,249.85,0.0,"3MINDIA, ABB"
INFY,30,1411.94,81.52,"ABFRL, AIAENG"
INFY,180,1429.18,82.17,"ABFRL, AIAENG"
INFY,365,1440.12,76.37,"ABFRL, AIAENG"
INOXINDIA,30,1197.85,86.47,"3MINDIA, ABB"
INOXINDIA,180,1185.09,0.0,"3MINDIA, ABB"
INOXINDIA,365,1169.81,27.57,"3MINDIA, ABB"
INOXWIND,30,143.59,45.49,"ABB, ABCAPITAL"
INOXWIND,180,143.21,35.8,"ABB, ABCAPITAL"
INOXWIND,365,143.05,23.84,"ABB, ABCAPITAL"
INTELLECT,30,513.42,0.0,"ACE, CHAMBLFERT"
INTELLECT,180,506.14,0.0,"ACE, CHAMBLFERT"
INTELLECT,365,510.07,0.0,"ACE, CHAMBLFERT"
IOB,30,44.62,79.07,"AWL, BASF"
IOB,180,45.35,79.81,"AWL, BASF"
IOB,365,46.35,80.94,"AWL, BASF"
IOC,30,118.58,0.0,"3MINDIA, AARTIIND"
IOC,180,118.32,0.0,"3MINDIA, AARTIIND"
IOC,365,117.27,12.52,"3MINDIA, AARTIIND"
IPCALAB,30,1432.73,79.79,"LICHSGFIN, CELLO"
IPCALAB,180,1438.78,81.66,"LICHSGFIN, CELLO"
IPCALAB,365,1428.71,84.21,"LICHSGFIN, CELLO"
IRB,30,123.22,0.0,"3MINDIA, AAVAS"
IRB,180,122.14,0.0,"3MINDIA, AAVAS"
IRB,365,120.56,18.88,"3MINDIA, AAVAS"
IRCON,30,179.74,79.1,"ANGELONE, AXISBANK"
IRCON,180,183.28,85.88,"ANGELONE, AXISBANK"
IRCON,365,188.2,81.49,"ANGELONE, AXISBANK"
IRCTC,30,924.27,73.42,"ALOKINDS, AWL"
IRCTC,180,952.96,74.05,"ALOKINDS, AWL"
IRCTC,365,985.31,76.93,"ALOKINDS, AWL"
ISEC,30,558.43,60.03,"GMDCLTD, GMRAIRPORT"
ISEC,180,560.22,57.9,"GMDCLTD, GMRAIRPORT"
ISEC,365,560.83,60.44,"GMDCLTD, GMRAIRPORT"
ITC,30,307.39,0.0,"ABCAPITAL, ALOKINDS"
ITC,180,307.44,0.0,"ABCAPITAL, ALOKINDS"
ITC,365,307.08,0.0,"ABCAPITAL, ALOKINDS"
ITI,30,163.47,70.45,"ACE, COCHINSHIP"
ITI,180,165.83,77.68,"ACE, COCHINSHIP"
ITI,365,168.4,73.5,"ACE, COCHINSHIP"
J&KBANK,30,62.23,84.27,"AIAENG, APLLTD"
J&KBANK,180,62.82,84.14,"AIAENG, APLLTD"
J&KBANK,365,63.91,83.85,"AIAENG, APLLTD"
JBCHEPHARM,30,1433.05,80.44,"ABB, ABCAPITAL"
JBCHEPHARM,180,1460.97,82.72,"ABB, ABCAPITAL"
JBCHEPHARM,365,1483.48,84.7,"ABB, ABCAPITAL"
JBMA,30,759.84,59.72,"GMDCLTD, RECLTD"
JBMA,180,761.49,54.4,"GMDCLTD, RECLTD"
JBMA,365,777.32,60.7,"GMDCLTD, RECLTD"
JINDALSAW,30,227.97,82.6,"ATGL, GMDCLTD"
JINDALSAW,180,233.09,81.56,"ATGL, GMDCLTD"
JINDALSAW,365,237.18,83.6,"ATGL, GMDCLTD"
JINDALSTEL,30,504.87,81.82,"ABFRL, AIAENG"
JINDALSTEL,180,517.14,84.07,"ABFRL, AIAENG"
JINDALSTEL,365,530.39,81.27,"ABFRL, AIAENG"
JIOFIN,30,324.37,79.68,"APARINDS, ATGL"
JIOFIN,180,334.29,77.8,"APARINDS, ATGL"
JIOFIN,365,345.03,77.49,"APARINDS, ATGL"
JKCEMENT,30,2757.4,77.14,"ABFRL, ACE"
JKCEMENT,180,2797.87,81.43,"ABFRL, ACE"
JKCEMENT,365,2835.02,82.23,"ABFRL, ACE"
JKLAKSHMI,30,540.92,21.8,"3MINDIA, ABFRL"
JKLAKSHMI,180,537.81,10.62,"3MINDIA, ABFRL"
JKLAKSHMI,365,541.35,21.13,"3MINDIA, ABFRL"
JKTYRE,30,224.13,81.94,"DBREALTY, GMDCLTD"
JKTYRE,180,223.88,70.24,"DBREALTY, GMDCLTD"
JKTYRE,365,234.44,76.46,"DBREALTY, GMDCLTD"
JMFINANCIL,30,87.69,0.0,"3MINDIA, AIAENG"
JMFINANCIL,180,87.68,0.0,"3MINDIA, AIAENG"
JMFINANCIL,365,87.44,0.0,"3MINDIA, AIAENG"
JPPOWER,30,7.47,73.07,"HBLENGINE, AMBER"
JPPOWER,180,7.66,79.59,"HBLENGINE, AMBER"
JPPOWER,365,7.85,84.77,"HBLENGINE, AMBER"
JSL,30,288.12,75.95,"AWL, BASF"
JSL,180,291.31,79.89,"AWL, BASF"
JSL,365,298.04,75.08,"AWL, BASF"
JSWENERGY,30,251.74,0.0,"GMDCLTD, FINEORG"
JSWENERGY,180,245.64,0.0,"GMDCLTD, FINEORG"
JSWENERGY,365,250.08,0.0,"GMDCLTD, FINEORG"
JSWINFRA,30,289.3,0.0,"3MINDIA, AARTIIND"
JSWINFRA,180,286.09,14.12,"3MINDIA, AARTIIND"
JSWINFRA,365,282.58,24.87,"3MINDIA, AARTIIND"
JSWSTEEL,30,587.35,46.4,"GMDCLTD, 3MINDIA"
JSWSTEEL,180,589.26,54.09,"GMDCLTD, 3MINDIA"
JSWSTEEL,365,590.45,49.55,"GMDCLTD, 3MINDIA"
JUBLFOOD,30,1463.56,0.0,"ADANIENSOL, APTUS"
JUBLFOOD,180,1470.42,0.0,"ADANIENSOL, APTUS"
JUBLFOOD,365,1451.73,0.0,"ADANIENSOL, APTUS"
JUBLINGREA,30,543.68,0.0,"3MINDIA, AAVAS"
JUBLINGREA,180,540.24,0.0,"3MINDIA, AAVAS"
JUBLINGREA,365,534.36,29.67,"3MINDIA, AAVAS"
JUBLPHARMA,30,611.18,0.0,"CELLO, COROMANDEL"
JUBLPHARMA,180,611.63,0.0,"CELLO, COROMANDEL"
JUBLPHARMA,365,609.39,0.0,"CELLO, COROMANDEL"
JUSTDIAL,30,770.78,83.37,"CAMS, HAPPSTMNDS"
JUSTDIAL,180,776.42,81.06,"CAMS, HAPPSTMNDS"
JUSTDIAL,365,781.62,81.18,"CAMS, HAPPSTMNDS"
JWL,30,348.55,68.79,"AWL, BASF"
JWL,180,358.73,78.52,"AWL, BASF"
JWL,365,371.7,79.27,"AWL, BASF"
JYOTHYLAB,30,245.86,2.82,"ABFRL, AJANTPHARM"
JYOTHYLAB,180,247.87,19.89,"ABFRL, AJANTPHARM"
JYOTHYLAB,365,247.9,0.85,"ABFRL, AJANTPHARM"
JYOTICNC,30,1181.37,64.06,"3MINDIA, ABB"
JYOTICNC,180,1170.27,0.0,"3MINDIA, ABB"
JYOTICNC,365,1156.3,0.0,"3MINDIA, ABB"
KAJARIACER,30,1018.13,76.15,"ALOKINDS, ANGELONE"
KAJARIACER,180,1038.74,80.49,"ALOKINDS, ANGELONE"
KAJARIACER,365,1061.1,79.76,"ALOKINDS, ANGELONE"
KALYANKJIL,30,295.39,81.64,"ADANIENT, ADANIPORTS"
KALYANKJIL,180,307.75,83.73,"ADANIENT, ADANIPORTS"
KALYANKJIL,365,313.36,81.64,"ADANIENT, ADANIPORTS"
KANSAINER,30,448.1,15.89,"DEEPAKNTR, GPIL"
KANSAINER,180,447.67,0.0,"DEEPAKNTR, GPIL"
KANSAINER,365,449.87,16.5,"DEEPAKNTR, GPIL"
KAYNES,30,3952.14,79.86,"AMBER, BRIGADE"
KAYNES,180,4050.62,77.76,"AMBER, BRIGADE"
KAYNES,365,4186.2,83.37,"AMBER, BRIGADE"
KEC,30,471.56,0.0,"ABCAPITAL, ADANIENT"
KEC,180,469.31,0.0,"ABCAPITAL, ADANIENT"
KEC,365,467.95,0.0,"ABCAPITAL, ADANIENT"
KEI,30,1688.84,77.22,"ABCAPITAL, ADANIENT"
KEI,180,1692.36,76.81,"ABCAPITAL, ADANIENT"
KEI,365,1685.71,74.15,"ABCAPITAL, ADANIENT"
KFINTECH,30,729.21,67.27,"ABCAPITAL, ADANIENT"
KFINTECH,180,728.05,69.49,"ABCAPITAL, ADANIENT"
KFINTECH,365,715.41,33.75,"ABCAPITAL, ADANIENT"
KIMS,30,1654.55,77.78,"ABB, ABCAPITAL"
KIMS,180,1692.68,76.35,"ABB, ABCAPITAL"
KIMS,365,1738.23,76.03,"ABB, ABCAPITAL"
KIRLOSBROS,30,646.6,52.12,"KIRLOSENG, SIEMENS"
KIRLOSBROS,180,644.77,43.23,"KIRLOSENG, SIEMENS"
KIRLOSBROS,365,642.37,39.94,"KIRLOSENG, SIEMENS"
KIRLOSENG,30,418.58,46.07,"CYIENT, GMDCLTD"
KIRLOSENG,180,407.49,12.11,"CYIENT, GMDCLTD"
KIRLOSENG,365,408.24,0.0,"CYIENT, GMDCLTD"
KNRCON,30,273.19,79.52,"AIAENG, AMBER"
KNRCON,180,274.47,78.87,"AIAENG, AMBER"
KNRCON,365,276.5,74.05,"AIAENG, AMBER"
KOTAKBANK,30,1702.0,75.52,"AAVAS, ALOKINDS"
KOTAKBANK,180,1699.9,79.42,"AAVAS, ALOKINDS"
KOTAKBANK,365,1694.41,79.21,"AAVAS, ALOKINDS"
KPIL,30,632.94,83.42,"ABFRL, AJANTPHARM"
KPIL,180,637.44,86.35,"ABFRL, AJANTPHARM"
KPIL,365,644.03,78.88,"ABFRL, AJANTPHARM"
KPITTECH,30,763.31,51.44,"CHAMBLFERT, CUMMINSIND"
KPITTECH,180,772.05,38.06,"CHAMBLFERT, CUMMINSIND"
KPITTECH,365,758.65,16.92,"CHAMBLFERT, CUMMINSIND"
KPRMILL,30,741.66,0.0,"AARTIIND, ABB"
KPRMILL,180,743.85,0.0,"AARTIIND, ABB"
KPRMILL,365,734.75,0.0,"AARTIIND, ABB"
KSB,30,1371.03,0.0,"AARTIIND, ABB"
KSB,180,1361.94,0.0,"AARTIIND, ABB"
KSB,365,1344.15,0.0,"AARTIIND, ABB"
LALPATHLAB,30,2275.93,53.43,"BAJAJ-AUTO, ANGELONE"
LALPATHLAB,180,2278.0,49.29,"BAJAJ-AUTO, ANGELONE"
LALPATHLAB,365,2265.24,26.31,"BAJAJ-AUTO, ANGELONE"
LATENTVIEW,30,432.77,81.01,"GMDCLTD, NAVINFLUOR"
LATENTVIEW,180,435.46,82.14,"GMDCLTD, NAVINFLUOR"
LATENTVIEW,365,438.61,80.49,"GMDCLTD, NAVINFLUOR"
LAURUSLABS,30,473.41,31.73,"ABB, ABCAPITAL"
LAURUSLABS,180,473.4,41.96,"ABB, ABCAPITAL"
LAURUSLABS,365,472.83,13.41,"ABB, ABCAPITAL"
LEMONTREE,30,80.28,73.2,"ABFRL, AJANTPHARM"
LEMONTREE,180,80.24,77.02,"ABFRL, AJANTPHARM"
LEMONTREE,365,79.2,55.65,"ABFRL, AJANTPHARM"
LICHSGFIN,30,495.2,79.1,"ALOKINDS, CLEAN"
LICHSGFIN,180,495.56,79.65,"ALOKINDS, CLEAN"
LICHSGFIN,365,493.07,83.81,"ALOKINDS, CLEAN"
LICI,30,835.59,80.98,"CHAMBLFERT, FINEORG"
LICI,180,846.71,83.51,"CHAMBLFERT, FINEORG"
LICI,365,860.51,83.13,"CHAMBLFERT, FINEORG"
LINDEINDIA,30,3128.75,52.47,"ABB, ABCAPITAL"
LINDEINDIA,180,3143.32,46.28,"ABB, ABCAPITAL"
LINDEINDIA,365,3102.16,28.59,"ABB, ABCAPITAL"
LLOYDSME,30,814.96,57.76,"GPIL, ABCAPITAL"
LLOYDSME,180,807.16,15.21,"GPIL, ABCAPITAL"
LLOYDSME,365,798.98,0.0,"GPIL, ABCAPITAL"
LODHA,30,1076.12,0.0,"3MINDIA, AARTIIND"
LODHA,180,1068.81,0.0,"3MINDIA, AARTIIND"
LODHA,365,1061.47,0.0,"3MINDIA, AARTIIND"
LT,30,2045.05,55.52,"ABFRL, AJANTPHARM"
LT,180,2060.61,48.19,"ABFRL, AJANTPHARM"
LT,365,2048.48,40.7,"ABFRL, AJANTPHARM"
LTF,30,119.38,70.7,"EIDPARRY, ABFRL"
LTF,180,119.01,70.65,"EIDPARRY, ABFRL"
LTF,365,118.84,69.94,"EIDPARRY, ABFRL"
LTIM,30,3959.63,0.0,"ABFRL, AJANTPHARM"
LTIM,180,3954.08,0.0,"ABFRL, AJANTPHARM"
LTIM,365,3926.18,0.0,"ABFRL, AJANTPHARM"
LTTS,30,3446.6,66.2,"GMDCLTD, JSWENERGY"
LTTS,180,3439.21,64.41,"GMDCLTD, JSWENERGY"
LTTS,365,3461.56,67.95,"GMDCLTD, JSWENERGY"
LUPIN,30,1100.35,74.15,"EIDPARRY, INDIACEM"
LUPIN,180,1097.86,70.67,"EIDPARRY, INDIACEM"
LUPIN,365,1098.86,74.51,"EIDPARRY, INDIACEM"
M&M,30,1343.37,84.27,"ABFRL, ACE"
M&M,180,1359.3,83.75,"ABFRL, ACE"
M&M,365,1390.52,84.69,"ABFRL, ACE"
M&MFIN,30,304.68,76.86,"AWL, BSE"
M&MFIN,180,309.06,85.23,"AWL, BSE"
M&MFIN,365,307.81,78.45,"AWL, BSE"
MAHABANK,30,30.74,85.2,"AWL, BSE"
MAHABANK,180,31.01,83.84,"AWL, BSE"
MAHABANK,365,31.29,78.13,"AWL, BSE"
MAHLIFE,30,464.24,81.85,"AARTIIND, ALOKINDS"
MAHLIFE,180,469.24,76.94,"AARTIIND, ALOKINDS"
MAHLIFE,365,473.72,75.13,"AARTIIND, ALOKINDS"
MAHSEAMLES,30,545.12,80.36,"ABFRL, AJANTPHARM"
MAHSEAMLES,180,556.59,79.86,"ABFRL, AJANTPHARM"
MAHSEAMLES,365,561.53,78.6,"ABFRL, AJANTPHARM"
MANAPPURAM,30,144.76,0.0,"NATIONALUM, BAJAJFINSV"
MANAPPURAM,180,143.98,0.0,"NATIONALUM, BAJAJFINSV"
MANAPPURAM,365,143.91,0.0,"NATIONALUM, BAJAJFINSV"
MANKIND,30,2345.66,80.82,"ALKYLAMINE, CELLO"
MANKIND,180,2383.6,82.53,"ALKYLAMINE, CELLO"
MANKIND,365,2416.88,82.86,"ALKYLAMINE, CELLO"
MANYAVAR,30,1235.47,75.19,"ABFRL, AJANTPHARM"
MANYAVAR,180,1241.9,77.77,"ABFRL, AJANTPHARM"
MANYAVAR,365,1248.28,74.03,"ABFRL, AJANTPHARM"
MARICO,30,486.34,75.38,"CELLO, NAVINFLUOR"
MARICO,180,486.41,75.21,"CELLO, NAVINFLUOR"
MARICO,365,485.69,68.85,"CELLO, NAVINFLUOR"
MARUTI,30,8782.73,78.67,"AWL, BASF"
MARUTI,180,8802.73,77.76,"AWL, BASF"
MARUTI,365,8767.64,65.4,"AWL, BASF"
MASTEK,30,1921.2,85.15,"ABFRL, AJANTPHARM"
MASTEK,180,1936.89,83.73,"ABFRL, AJANTPHARM"
MASTEK,365,1958.25,80.53,"ABFRL, AJANTPHARM"
MAXHEALTH,30,629.04,75.65,"ABB, ABCAPITAL"
MAXHEALTH,180,653.71,75.47,"ABB, ABCAPITAL"
MAXHEALTH,365,672.11,73.87,"ABB, ABCAPITAL"
MAZDOCK,30,1788.04,78.83,"GMDCLTD, RVNL"
MAZDOCK,180,1837.46,80.31,"GMDCLTD, RVNL"
MAZDOCK,365,1898.81,81.4,"GMDCLTD, RVNL"
MCX,30,2290.86,77.0,"ABFRL, AJANTPHARM"
MCX,180,2344.39,82.21,"ABFRL, AJANTPHARM"
MCX,365,2382.4,80.39,"ABFRL, AJANTPHARM"
MEDANTA,30,1036.17,0.0,"ADANIENT, ALKEM"
MEDANTA,180,1029.02,0.0,"ADANIENT, ALKEM"
MEDANTA,365,1011.61,0.0,"ADANIENT, ALKEM"
METROBRAND,30,1106.72,83.49,"GMDCLTD, RECLTD"
METROBRAND,180,1123.6,84.63,"GMDCLTD, RECLTD"
METROBRAND,365,1137.07,84.65,"GMDCLTD, RECLTD"
METROPOLIS,30,2062.0,80.8,"3MINDIA, ABB"
METROPOLIS,180,2064.45,77.91,"3MINDIA, ABB"
METROPOLIS,365,2118.34,76.91,"3MINDIA, ABB"
MFSL,30,771.44,66.07,"CAMS, JUSTDIAL"
MFSL,180,771.74,67.65,"CAMS, JUSTDIAL"
MFSL,365,770.57,65.97,"CAMS, JUSTDIAL"
MGL,30,1398.59,84.59,"ABFRL, AJANTPHARM"
MGL,180,1420.51,85.1,"ABFRL, AJANTPHARM"
MGL,365,1445.91,81.8,"ABFRL, AJANTPHARM"
MINDACORP,30,255.39,84.45,"ABB, ABCAPITAL"
MINDACORP,180,259.25,81.58,"ABB, ABCAPITAL"
MINDACORP,365,262.59,80.88,"ABB, ABCAPITAL"
MMTC,30,44.07,62.56,"ABB, ABCAPITAL"
MMTC,180,43.97,55.28,"ABB, ABCAPITAL"
MMTC,365,44.01,55.4,"ABB, ABCAPITAL"
MOTHERSON,30,170.85,81.77,"ADANIENT, AWL"
MOTHERSON,180,172.76,80.26,"ADANIENT, AWL"
MOTHERSON,365,174.62,83.03,"ADANIENT, AWL"
MOTILALOFS,30,938.12,77.92,"ABB, ABCAPITAL"
MOTILALOFS,180,945.1,75.97,"ABB, ABCAPITAL"
MOTILALOFS,365,962.74,78.6,"ABB, ABCAPITAL"
MPHASIS,30,1889.36,0.0,"ABFRL, AIAENG"
MPHASIS,180,1902.72,0.0,"ABFRL, AIAENG"
MPHASIS,365,1862.74,0.0,"ABFRL, AIAENG"
MRF,30,93126.23,76.83,"ABFRL, AIAENG"
MRF,180,93936.79,75.5,"ABFRL, AIAENG"
MRF,365,95525.31,82.32,"ABFRL, AIAENG"
MRPL,30,92.25,66.84,"GMDCLTD, JSWENERGY"
MRPL,180,92.04,62.63,"GMDCLTD, JSWENERGY"
MRPL,365,93.4,70.65,"GMDCLTD, JSWENERGY"
MUTHOOTFIN,30,1225.76,74.3,"ABFRL, AJANTPHARM"
MUTHOOTFIN,180,1231.75,80.25,"ABFRL, AJANTPHARM"
MUTHOOTFIN,365,1244.59,75.87,"ABFRL, AJANTPHARM"
NAM-INDIA,30,388.71,80.92,"ATGL, FINCABLES"
NAM-INDIA,180,394.41,83.64,"ATGL, FINCABLES"
NAM-INDIA,365,399.95,84.39,"ATGL, FINCABLES"
NATCOPHARM,30,819.92,0.0,"GMDCLTD, ATGL"
NATCOPHARM,180,820.7,0.0,"GMDCLTD, ATGL"
NATCOPHARM,365,826.76,0.0,"GMDCLTD, ATGL"
NATIONALUM,30,96.3,60.79,"GMDCLTD, BAJAJ-AUTO"
NATIONALUM,180,96.66,58.7,"GMDCLTD, BAJAJ-AUTO"
NATIONALUM,365,97.83,65.69,"GMDCLTD, BAJAJ-AUTO"
NAUKRI,30,4946.66,76.93,"CELLO, EIDPARRY"
NAUKRI,180,5016.06,75.55,"CELLO, EIDPARRY"
NAUKRI,365,5088.09,77.95,"CELLO, EIDPARRY"
NAVINFLUOR,30,3254.28,81.95,"AIAENG, APLLTD"
NAVINFLUOR,180,3270.8,81.84,"AIAENG, APLLTD"
NAVINFLUOR,365,3308.78,81.07,"AIAENG, APLLTD"
NBCC,30,63.24,23.93,"ADANIENT, AWL"
NBCC,180,63.07,16.11,"ADANIENT, AWL"
NBCC,365,63.28,0.0,"ADANIENT, AWL"
NCC,30,115.91,0.0,"ABB, ABCAPITAL"
NCC,180,117.86,0.0,"ABB, ABCAPITAL"
NCC,365,116.84,0.0,"ABB, ABCAPITAL"
NESTLEIND,30,2323.39,76.28,"ALOKINDS, ALKYLAMINE"
NESTLEIND,180,2362.09,78.05,"ALOKINDS, ALKYLAMINE"
NESTLEIND,365,2391.28,79.2,"ALOKINDS, ALKYLAMINE"
NETWORK18,30,57.9,64.06,"3MINDIA, AAVAS"
NETWORK18,180,57.38,55.91,"3MINDIA, AAVAS"
NETWORK18,365,57.32,26.89,"3MINDIA, AAVAS"
NEWGEN,30,597.78,82.67,"ABB, ABCAPITAL"
NEWGEN,180,605.28,79.52,"ABB, ABCAPITAL"
NEWGEN,365,615.61,78.89,"ABB, ABCAPITAL"
NH,30,752.7,82.34,"ABFRL, AJANTPHARM"
NH,180,773.26,83.43,"ABFRL, AJANTPHARM"
NH,365,786.27,79.48,"ABFRL, AJANTPHARM"
NHPC,30,47.65,85.36,"ABB, ABCAPITAL"
NHPC,180,48.24,84.56,"ABB, ABCAPITAL"
NHPC,365,48.62,81.1,"ABB, ABCAPITAL"
NIACL,30,155.53,0.0,"3MINDIA, AARTIIND"
NIACL,180,154.68,0.0,"3MINDIA, AARTIIND"
NIACL,365,154.22,0.0,"3MINDIA, AARTIIND"
NLCINDIA,30,114.2,35.97,"BAJAJ-AUTO, COCHINSHIP"
NLCINDIA,180,111.23,9.93,"BAJAJ-AUTO, COCHINSHIP"
NLCINDIA,365,110.3,0.0,"BAJAJ-AUTO, COCHINSHIP"
NMDC,30,141.7,64.36,"ABFRL, AJANTPHARM"
NMDC,180,141.77,56.95,"ABFRL, AJANTPHARM"
NMDC,365,141.0,56.61,"ABFRL, AJANTPHARM"
NTPC,30,195.94,77.01,"ABFRL, AJANTPHARM"
NTPC,180,195.94,73.09,"ABFRL, AJANTPHARM"
NTPC,365,194.72,71.37,"ABFRL, AJANTPHARM"
NUVAMA,30,5348.57,0.0,"ABFRL, AIAENG"
NUVAMA,180,5301.82,0.0,"ABFRL, AIAENG"
NUVAMA,365,5218.63,0.0,"ABFRL, AIAENG"
NUVOCO,30,360.56,0.0,"AUROPHARMA, HDFCAMC"
NUVOCO,180,360.46,0.0,"AUROPHARMA, HDFCAMC"
NUVOCO,365,359.38,0.0,"AUROPHARMA, HDFCAMC"
NYKAA,30,529.53,54.59,"ADANIENSOL, ATGL"
NYKAA,180,533.76,55.31,"ADANIENSOL, ATGL"
NYKAA,365,528.94,33.5,"ADANIENSOL, ATGL"
OBEROIRLTY,30,952.75,82.81,"CRISIL, GMDCLTD"
OBEROIRLTY,180,956.02,78.25,"CRISIL, GMDCLTD"
OBEROIRLTY,365,969.5,76.89,"CRISIL, GMDCLTD"
OFSS,30,4918.71,76.93,"BAJAJ-AUTO, CGPOWER"
OFSS,180,4942.74,73.96,"BAJAJ-AUTO, CGPOWER"
OFSS,365,5032.33,76.44,"BAJAJ-AUTO, CGPOWER"
OIL,30,252.11,0.0,"AWL, BASF"
OIL,180,254.35,0.0,"AWL, BASF"
OIL,365,250.24,0.0,"AWL, BASF"
OLECTRA,30,835.06,74.04,"CRISIL, FINCABLES"
OLECTRA,180,858.64,74.35,"CRISIL, FINCABLES"
OLECTRA,365,900.86,74.27,"CRISIL, FINCABLES"
ONGC,30,162.01,0.0,"NAVINFLUOR, ABFRL"
ONGC,180,162.2,0.0,"NAVINFLUOR, ABFRL"
ONGC,365,162.98,0.0,"NAVINFLUOR, ABFRL"
PATANJALI,30,1241.24,0.0,"LTIM, MARICO"
PATANJALI,180,1231.83,0.0,"LTIM, MARICO"
PATANJALI,365,1223.49,0.0,"LTIM, MARICO"
PAYTM,30,676.47,0.0,"GMDCLTD, ATGL"
PAYTM,180,674.29,0.0,"GMDCLTD, ATGL"
PAYTM,365,674.27,0.0,"GMDCLTD, ATGL"
PEL,30,1653.91,52.11,"3MINDIA, ABB"
PEL,180,1645.57,30.53,"3MINDIA, ABB"
PEL,365,1637.65,0.0,"3MINDIA, ABB"
PERSISTENT,30,3661.8,79.63,"ABFRL, AJANTPHARM"
PERSISTENT,180,3730.86,77.05,"ABFRL, AJANTPHARM"
PERSISTENT,365,3860.97,74.79,"ABFRL, AJANTPHARM"
PETRONET,30,245.59,0.0,"DOMS, 3MINDIA"
PETRONET,180,245.0,0.0,"DOMS, 3MINDIA"
PETRONET,365,245.61,0.0,"DOMS, 3MINDIA"
PFC,30,209.57,77.47,"ABCAPITAL, ADANIENT"
PFC,180,209.26,74.92,"ABCAPITAL, ADANIENT"
PFC,365,207.44,66.9,"ABCAPITAL, ADANIENT"
PHOENIXLTD,30,1249.62,0.0,"ABB, ABCAPITAL"
PHOENIXLTD,180,1254.61,0.0,"ABB, ABCAPITAL"
PHOENIXLTD,365,1247.93,0.0,"ABB, ABCAPITAL"
PIDILITIND,30,2011.22,0.0,"3MINDIA, ABFRL"
PIDILITIND,180,2007.0,0.0,"3MINDIA, ABFRL"
PIDILITIND,365,1988.44,0.0,"3MINDIA, ABFRL"
PIIND,30,2525.58,0.0,"AMBER, BRIGADE"
PIIND,180,2545.5,0.0,"AMBER, BRIGADE"
PIIND,365,2539.47,0.0,"AMBER, BRIGADE"
PNB,30,72.1,80.25,"ATGL, GMDCLTD"
PNB,180,72.73,76.49,"ATGL, GMDCLTD"
PNB,365,73.35,76.58,"ATGL, GMDCLTD"
PNBHOUSING,30,701.09,78.95,"3MINDIA, ABB"
PNBHOUSING,180,711.65,80.98,"3MINDIA, ABB"
PNBHOUSING,365,718.0,74.8,"3MINDIA, ABB"
PNCINFRA,30,264.43,0.0,"AARTIIND, ABB"
PNCINFRA,180,265.26,0.0,"AARTIIND, ABB"
PNCINFRA,365,264.53,0.0,"AARTIIND, ABB"
POLICYBZR,30,1103.11,84.92,"AWL, HBLENGINE"
POLICYBZR,180,1124.4,80.35,"AWL, HBLENGINE"
POLICYBZR,365,1147.12,80.4,"AWL, HBLENGINE"
POLYCAB,30,3415.6,65.01,"GMDCLTD, PRESTIGE"
POLYCAB,180,3407.79,46.8,"GMDCLTD, PRESTIGE"
POLYCAB,365,3381.52,56.41,"GMDCLTD, PRESTIGE"
POLYMED,30,1077.89,78.39,"APOLLOHOSP, BRIGADE"
POLYMED,180,1118.56,78.39,"APOLLOHOSP, BRIGADE"
POLYMED,365,1145.95,78.34,"APOLLOHOSP, BRIGADE"
POONAWALLA,30,253.7,80.12,"BRIGADE, CAMS"
POONAWALLA,180,256.74,79.49,"BRIGADE, CAMS"
POONAWALLA,365,261.12,79.98,"BRIGADE, CAMS"
POWERGRID,30,236.52,68.23,"ABB, ABCAPITAL"
POWERGRID,180,238.89,72.61,"ABB, ABCAPITAL"
POWERGRID,365,242.55,76.39,"ABB, ABCAPITAL"
PPLPHARMA,30,150.7,0.0,"ABFRL, AJANTPHARM"
PPLPHARMA,180,150.67,0.0,"ABFRL, AJANTPHARM"
PPLPHARMA,365,150.0,0.0,"ABFRL, AJANTPHARM"
PRAJIND,30,367.6,79.74,"ABFRL, AJANTPHARM"
PRAJIND,180,375.48,82.74,"ABFRL, AJANTPHARM"
PRAJIND,365,380.41,84.41,"ABFRL, AJANTPHARM"
PRESTIGE,30,677.06,73.03,"GMDCLTD, RECLTD"
PRESTIGE,180,682.68,67.6,"GMDCLTD, RECLTD"
PRESTIGE,365,694.22,69.07,"GMDCLTD, RECLTD"
PTCIL,30,10479.36,77.44,"3MINDIA, AAVAS"
PTCIL,180,11145.19,70.09,"3MINDIA, AAVAS"
PTCIL,365,11845.32,78.67,"3MINDIA, AAVAS"
PVRINOX,30,1584.85,78.55,"ACE, CHAMBLFERT"
PVRINOX,180,1593.26,79.5,"ACE, CHAMBLFERT"
PVRINOX,365,1596.74,78.33,"ACE, CHAMBLFERT"
QUESS,30,666.75,82.4,"BOSCHLTD, ABFRL"
QUESS,180,673.8,82.97,"BOSCHLTD, ABFRL"
QUESS,365,677.55,82.52,"BOSCHLTD, ABFRL"
RADICO,30,986.75,51.22,"ABB, ABCAPITAL"
RADICO,180,983.94,34.17,"ABB, ABCAPITAL"
RADICO,365,986.91,22.66,"ABB, ABCAPITAL"
RAILTEL,30,228.39,0.0,"AARTIIND, ABB"
RAILTEL,180,227.08,0.0,"AARTIIND, ABB"
RAILTEL,365,222.49,0.0,"AARTIIND, ABB"
RAINBOW,30,1108.98,0.0,"3MINDIA, AAVAS"
RAINBOW,180,1101.76,0.0,"3MINDIA, AAVAS"
RAINBOW,365,1082.72,25.83,"3MINDIA, AAVAS"
RAJESHEXPO,30,612.6,0.0,"KANSAINER, SPARC"
RAJESHEXPO,180,612.73,0.0,"KANSAINER, SPARC"
RAJESHEXPO,365,611.5,0.0,"KANSAINER, SPARC"
RAMCOCEM,30,814.22,5.64,"ATGL, GMDCLTD"
RAMCOCEM,180,815.55,8.29,"ATGL, GMDCLTD"
RAMCOCEM,365,817.96,29.29,"ATGL, GMDCLTD"
RATNAMANI,30,2019.9,51.49,"3MINDIA, ABFRL"
RATNAMANI,180,2028.33,59.52,"3MINDIA, ABFRL"
RATNAMANI,365,2010.77,37.65,"3MINDIA, ABFRL"
RAYMOND,30,1064.32,73.8,"ABB, ABCAPITAL"
RAYMOND,180,1062.87,64.02,"ABB, ABCAPITAL"
RAYMOND,365,1062.37,50.32,"ABB, ABCAPITAL"
RBLBANK,30,333.48,81.44,"ALOKINDS, HINDZINC"
RBLBANK,180,331.66,80.66,"ALOKINDS, HINDZINC"
RBLBANK,365,329.22,82.07,"ALOKINDS, HINDZINC"
RCF,30,101.86,80.95,"ACE, COCHINSHIP"
RCF,180,103.1,81.92,"ACE, COCHINSHIP"
RCF,365,103.88,81.18,"ACE, COCHINSHIP"
RECLTD,30,239.35,68.5,"GMDCLTD, FINEORG"
RECLTD,180,243.74,71.98,"GMDCLTD, FINEORG"
RECLTD,365,244.9,70.2,"GMDCLTD, FINEORG"
REDINGTON,30,165.22,75.9,"ABFRL, AJANTPHARM"
REDINGTON,180,166.5,81.91,"ABFRL, AJANTPHARM"
REDINGTON,365,167.14,77.64,"ABFRL, AJANTPHARM"
RELIANCE,30,2224.0,84.39,"3MINDIA, ABFRL"
RELIANCE,180,2239.91,79.57,"3MINDIA, ABFRL"
RELIANCE,365,2278.44,80.61,"3MINDIA, ABFRL"
RENUKA,30,33.16,82.77,"3MINDIA, ADANIENSOL"
RENUKA,180,33.51,80.13,"3MINDIA, ADANIENSOL"
RENUKA,365,33.99,82.47,"3MINDIA, ADANIENSOL"
RHIM,30,465.65,12.4,"COALINDIA, GMDCLTD"
RHIM,180,465.52,0.0,"COALINDIA, GMDCLTD"
RHIM,365,465.72,9.32,"COALINDIA, GMDCLTD"
RITES,30,410.96,76.66,"ABB, ABCAPITAL"
RITES,180,416.46,74.57,"ABB, ABCAPITAL"
RITES,365,428.95,79.99,"ABB, ABCAPITAL"
RKFORGE,30,542.2,0.0,"3MINDIA, ABFRL"
RKFORGE,180,540.96,0.0,"3MINDIA, ABFRL"
RKFORGE,365,538.65,0.0,"3MINDIA, ABFRL"
ROUTE,30,1548.96,66.93,"3MINDIA, DEEPAKNTR"
ROUTE,180,1548.11,64.8,"3MINDIA, DEEPAKNTR"
ROUTE,365,1547.54,53.92,"3MINDIA, DEEPAKNTR"
RRKABEL,30,1604.72,82.21,"CRISIL, GMDCLTD"
RRKABEL,180,1643.1,81.01,"CRISIL, GMDCLTD"
RRKABEL,365,1674.79,76.48,"CRISIL, GMDCLTD"
RTNINDIA,30,61.91,81.38,"AMBER, AWL"
RTNINDIA,180,62.79,76.13,"AMBER, AWL"
RTNINDIA,365,64.63,78.46,"AMBER, AWL"
RVNL,30,156.46,77.37,"ABCAPITAL, ALOKINDS"
RVNL,180,156.75,78.0,"ABCAPITAL, ALOKINDS"
RVNL,365,156.61,70.05,"ABCAPITAL, ALOKINDS"
SAIL,30,90.57,76.15,"AIAENG, APLLTD"
SAIL,180,91.84,82.73,"AIAENG, APLLTD"
SAIL,365,92.6,79.9,"AIAENG, APLLTD"
SAMMAANCAP,30,323.95,0.0,"ABFRL, AJANTPHARM"
SAMMAANCAP,180,324.44,0.0,"ABFRL, AJANTPHARM"
SAMMAANCAP,365,333.15,0.0,"ABFRL, AJANTPHARM"
SANOFI,30,7336.15,85.51,"BRIGADE, CAMS"
SANOFI,180,7468.71,80.71,"BRIGADE, CAMS"
SANOFI,365,7596.02,78.2,"BRIGADE, CAMS"
SAPPHIRE,30,1170.83,0.0,"AARTIIND, ABB"
SAPPHIRE,180,1161.88,0.0,"AARTIIND, ABB"
SAPPHIRE,365,1155.96,0.0,"AARTIIND, ABB"
SAREGAMA,30,822.72,81.21,"ABFRL, AJANTPHARM"
SAREGAMA,180,852.32,80.62,"ABFRL, AJANTPHARM"
SAREGAMA,365,873.46,80.91,"ABFRL, AJANTPHARM"
SBFC,30,86.03,0.0,"3MINDIA, ABB"
SBFC,180,85.86,0.0,"3MINDIA, ABB"
SBFC,365,85.62,0.0,"3MINDIA, ABB"
SBIN,30,474.35,39.24,"ABCAPITAL, ADANIENT"
SBIN,180,474.62,18.82,"ABCAPITAL, ADANIENT"
SBIN,365,475.25,20.42,"ABCAPITAL, ADANIENT"
SCI,30,123.89,81.69,"AIAENG, APLLTD"
SCI,180,125.52,81.11,"AIAENG, APLLTD"
SCI,365,128.35,84.24,"AIAENG, APLLTD"
SHREECEM,30,24645.94,82.75,"ALOKINDS, LICHSGFIN"
SHREECEM,180,24703.16,80.05,"ALOKINDS, LICHSGFIN"
SHREECEM,365,24864.42,84.62,"ALOKINDS, LICHSGFIN"
SHRIRAMFIN,30,1433.01,0.0,"AARTIIND, ABB"
SHRIRAMFIN,180,1426.81,0.0,"AARTIIND, ABB"
SHRIRAMFIN,365,1395.03,24.22,"AARTIIND, ABB"
SHYAMMETL,30,493.3,41.56,"FSL, GMDCLTD"
SHYAMMETL,180,490.21,3.35,"FSL, GMDCLTD"
SHYAMMETL,365,489.72,2.59,"FSL, GMDCLTD"
SIEMENS,30,3009.1,45.28,"BAJAJ-AUTO, FINEORG"
SIEMENS,180,3023.28,53.92,"BAJAJ-AUTO, FINEORG"
SIEMENS,365,3042.96,39.72,"BAJAJ-AUTO, FINEORG"
SIGNATURE,30,1286.15,56.89,"3MINDIA, ADANIENSOL"
SIGNATURE,180,1269.69,0.0,"3MINDIA, ADANIENSOL"
SIGNATURE,365,1251.49,0.0,"3MINDIA, ADANIENSOL"
SJVN,30,60.68,77.27,"ALOKINDS, AWL"
SJVN,180,61.32,82.79,"ALOKINDS, AWL"
SJVN,365,62.31,79.33,"ALOKINDS, AWL"
SKFINDIA,30,4515.11,76.93,"CAMS, NLCINDIA"
SKFINDIA,180,4524.7,80.36,"CAMS, NLCINDIA"
SKFINDIA,365,4512.52,68.94,"CAMS, NLCINDIA"
SOBHA,30,789.09,77.24,"HSCL, ABCAPITAL"
SOBHA,180,783.14,72.8,"HSCL, ABCAPITAL"
SOBHA,365,783.59,73.32,"HSCL, ABCAPITAL"
SOLARINDS,30,3656.64,2.63,"GMDCLTD, PRESTIGE"
SOLARINDS,180,3691.96,0.0,"GMDCLTD, PRESTIGE"
SOLARINDS,365,3711.14,0.0,"GMDCLTD, PRESTIGE"
SONACOMS,30,609.89,74.76,"ABFRL, AJANTPHARM"
SONACOMS,180,615.45,80.13,"ABFRL, AJANTPHARM"
SONACOMS,365,619.3,81.36,"ABFRL, AJANTPHARM"
SONATSOFTW,30,586.88,13.88,"ABFRL, AJANTPHARM"
SONATSOFTW,180,587.04,9.86,"ABFRL, AJANTPHARM"
SONATSOFTW,365,583.83,0.0,"ABFRL, AJANTPHARM"
SPARC,30,234.22,46.73,"BAJAJ-AUTO, LALPATHLAB"
SPARC,180,233.01,12.07,"BAJAJ-AUTO, LALPATHLAB"
SPARC,365,231.65,0.0,"BAJAJ-AUTO, LALPATHLAB"
SRF,30,3346.75,25.58,"ABB, ABCAPITAL"
SRF,180,3311.7,0.0,"ABB, ABCAPITAL"
SRF,365,3350.16,10.38,"ABB, ABCAPITAL"
SUMICHEM,30,453.35,75.78,"LICHSGFIN, CLEAN"
SUMICHEM,180,454.59,69.68,"LICHSGFIN, CLEAN"
SUMICHEM,365,455.77,69.39,"LICHSGFIN, CLEAN"
SUNDARMFIN,30,2419.68,0.0,"3MINDIA, ABB"
SUNDARMFIN,180,2389.43,0.0,"3MINDIA, ABB"
SUNDARMFIN,365,2397.3,0.0,"3MINDIA, ABB"
SUNDRMFAST,30,821.43,25.6,"ALOKINDS, ANGELONE"
SUNDRMFAST,180,822.18,6.02,"ALOKINDS, ANGELONE"
SUNDRMFAST,365,818.31,0.0,"ALOKINDS, ANGELONE"
SUNPHARMA,30,850.33,0.0,"ABFRL, ABREL"
SUNPHARMA,180,847.24,0.0,"ABFRL, ABREL"
SUNPHARMA,365,833.85,0.0,"ABFRL, ABREL"
SUNTV,30,557.57,0.0,"3MINDIA, AARTIIND"
SUNTV,180,553.95,0.0,"3MINDIA, AARTIIND"
SUNTV,365,553.15,0.0,"3MINDIA, AARTIIND"
SUPREMEIND,30,2465.89,9.74,"ABB, ABCAPITAL"
SUPREMEIND,180,2455.43,0.0,"ABB, ABCAPITAL"
SUPREMEIND,365,2455.98,0.0,"ABB, ABCAPITAL"
SUVENPHAR,30,618.83,0.0,"AARTIIND, ABB"
SUVENPHAR,180,619.35,0.0,"AARTIIND, ABB"
SUVENPHAR,365,619.73,0.0,"AARTIIND, ABB"
SUZLON,30,17.2,45.12,"AWL, ABFRL"
SUZLON,180,17.8,63.26,"AWL, ABFRL"
SUZLON,365,18.15,59.74,"AWL, ABFRL"
SWANENERGY,30,286.36,84.12,"GMDCLTD, CHAMBLFERT"
SWANENERGY,180,291.66,81.33,"GMDCLTD, CHAMBLFERT"
SWANENERGY,365,293.24,79.71,"GMDCLTD, CHAMBLFERT"
SWSOLAR,30,399.15,82.9,"AARTIIND, ABB"
SWSOLAR,180,404.16,79.82,"AARTIIND, ABB"
SWSOLAR,365,413.68,79.14,"AARTIIND, ABB"
SYNGENE,30,627.24,77.73,"SPARC, ANGELONE"
SYNGENE,180,633.77,76.94,"SPARC, ANGELONE"
SYNGENE,365,641.58,78.74,"SPARC, ANGELONE"
SYRMA,30,495.71,77.7,"AIAENG, AMBER"
SYRMA,180,510.06,79.99,"AIAENG, AMBER"
SYRMA,365,519.58,74.95,"AIAENG, AMBER"
TANLA,30,790.91,81.87,"ABFRL, AJANTPHARM"
TANLA,180,809.75,82.96,"ABFRL, AJANTPHARM"
TANLA,365,822.39,82.09,"ABFRL, AJANTPHARM"
TATACHEM,30,832.28,65.33,"AWL, BASF"
TATACHEM,180,829.67,57.19,"AWL, BASF"
TATACHEM,365,833.13,53.58,"AWL, BASF"
TATACOMM,30,1142.11,26.24,"AMBER, AWL"
TATACOMM,180,1124.27,0.0,"AMBER, AWL"
TATACOMM,365,1123.28,0.0,"AMBER, AWL"
TATACONSUM,30,659.83,0.0,"ABFRL, AIAENG"
TATACONSUM,180,657.79,0.0,"ABFRL, AIAENG"
TATACONSUM,365,661.55,0.0,"ABFRL, AIAENG"
TATAINVEST,30,2504.4,77.68,"ABCAPITAL, ADANIENT"
TATAINVEST,180,2553.34,80.16,"ABCAPITAL, ADANIENT"
TATAINVEST,365,2590.86,77.43,"ABCAPITAL, ADANIENT"
TATAMOTORS,30,495.79,86.74,"ATGL, GMDCLTD"
TATAMOTORS,180,501.78,83.0,"ATGL, GMDCLTD"
TATAMOTORS,365,505.37,81.14,"ATGL, GMDCLTD"
TATAPOWER,30,197.12,8.06,"AWL, BSE"
TATAPOWER,180,196.96,23.11,"AWL, BSE"
TATAPOWER,365,195.01,0.0,"AWL, BSE"
TATASTEEL,30,590.26,80.65,"ABFRL, AIAENG"
TATASTEEL,180,605.86,80.78,"ABFRL, AIAENG"
TATASTEEL,365,620.59,79.0,"ABFRL, AIAENG"
TATATECH,30,1015.07,57.58,"GMDCLTD, ABFRL"
TATATECH,180,1014.97,26.52,"GMDCLTD, ABFRL"
TATATECH,365,1014.76,13.57,"GMDCLTD, ABFRL"
TCS,30,3014.02,0.0,"ABCAPITAL, ALOKINDS"
TCS,180,3003.71,0.0,"ABCAPITAL, ALOKINDS"
TCS,365,2984.66,0.0,"ABCAPITAL, ALOKINDS"
TECHM,30,1130.64,81.69,"DEEPAKNTR, GODREJCP"
TECHM,180,1142.36,80.99,"DEEPAKNTR, GODREJCP"
TECHM,365,1161.86,83.92,"DEEPAKNTR, GODREJCP"
TECHNOE,30,589.59,80.7,"ACE, COCHINSHIP"
TECHNOE,180,590.26,73.46,"ACE, COCHINSHIP"
TECHNOE,365,605.68,82.11,"ACE, COCHINSHIP"
TEJASNET,30,605.13,78.41,"ABFRL, AJANTPHARM"
TEJASNET,180,618.32,78.52,"ABFRL, AJANTPHARM"
TEJASNET,365,640.11,77.12,"ABFRL, AJANTPHARM"
THERMAX,30,2073.57,0.0,"ADANIENT, GMDCLTD"
THERMAX,180,2083.76,0.0,"ADANIENT, GMDCLTD"
THERMAX,365,2029.27,0.0,"ADANIENT, GMDCLTD"
TIINDIA,30,2097.34,84.98,"AWL, BSE"
TIINDIA,180,2124.96,81.16,"AWL, BSE"
TIINDIA,365,2170.1,81.89,"AWL, BSE"
TITAGARH,30,439.55,80.3,"ATGL, GMDCLTD"
TITAGARH,180,456.69,82.78,"ATGL, GMDCLTD"
TITAGARH,365,476.36,83.04,"ATGL, GMDCLTD"
TITAN,30,2101.03,19.51,"ABFRL, AIAENG"
TITAN,180,2088.44,0.0,"ABFRL, AIAENG"
TITAN,365,2074.34,0.0,"ABFRL, AIAENG"
TORNTPHARM,30,2447.52,81.3,"ABFRL, AIAENG"
TORNTPHARM,180,2468.97,79.94,"ABFRL, AIAENG"
TORNTPHARM,365,2497.66,78.57,"ABFRL, AIAENG"
TORNTPOWER,30,731.89,77.3,"COCHINSHIP, FINEORG"
TORNTPOWER,180,743.38,76.87,"COCHINSHIP, FINEORG"
TORNTPOWER,365,746.47,75.63,"COCHINSHIP, FINEORG"
TRENT,30,1842.88,0.0,"GMDCLTD, RECLTD"
TRENT,180,1917.29,0.0,"GMDCLTD, RECLTD"
TRENT,365,1850.59,0.0,"GMDCLTD, RECLTD"
TRIDENT,30,39.14,69.85,"3MINDIA, ABB"
TRIDENT,180,39.17,68.72,"3MINDIA, ABB"
TRIDENT,365,38.62,47.37,"3MINDIA, ABB"
TRITURBINE,30,286.32,78.87,"CHAMBLFERT, FINEORG"
TRITURBINE,180,285.76,74.17,"CHAMBLFERT, FINEORG"
TRITURBINE,365,294.9,76.96,"CHAMBLFERT, FINEORG"
TRIVENI,30,235.4,80.92,"ABFRL, AJANTPHARM"
TRIVENI,180,241.48,79.45,"ABFRL, AJANTPHARM"
TRIVENI,365,245.76,78.66,"ABFRL, AJANTPHARM"
TVSMOTOR,30,1242.47,81.87,"HBLENGINE, ABFRL"
TVSMOTOR,180,1232.95,76.53,"HBLENGINE, ABFRL"
TVSMOTOR,365,1260.3,77.33,"HBLENGINE, ABFRL"
TVSSCS,30,182.91,0.0,"NAVINFLUOR, ABFRL"
TVSSCS,180,182.78,0.0,"NAVINFLUOR, ABFRL"
TVSSCS,365,182.19,0.0,"NAVINFLUOR, ABFRL"
UBL,30,1564.17,78.34,"ABFRL, AJANTPHARM"
UBL,180,1578.87,77.31,"ABFRL, AJANTPHARM"
UBL,365,1594.3,78.72,"ABFRL, AJANTPHARM"
UCOBANK,30,36.94,10.23,"FINEORG, GMDCLTD"
UCOBANK,180,37.15,0.0,"FINEORG, GMDCLTD"
UCOBANK,365,36.51,0.0,"FINEORG, GMDCLTD"
ULTRACEMCO,30,7480.41,79.03,"3MINDIA, ABB"
ULTRACEMCO,180,7557.55,80.07,"3MINDIA, ABB"
ULTRACEMCO,365,7603.72,72.44,"3MINDIA, ABB"
UNIONBANK,30,80.44,78.43,"SOLARINDS, ABCAPITAL"
UNIONBANK,180,81.24,80.7,"SOLARINDS, ABCAPITAL"
UNIONBANK,365,82.3,79.42,"SOLARINDS, ABCAPITAL"
UNOMINDA,30,686.26,82.11,"ABFRL, AIAENG"
UNOMINDA,180,699.02,79.41,"ABFRL, AIAENG"
UNOMINDA,365,707.59,77.88,"ABFRL, AIAENG"
UPL,30,700.8,81.25,"3MINDIA, ABFRL"
UPL,180,703.54,78.73,"3MINDIA, ABFRL"
UPL,365,705.29,78.99,"3MINDIA, ABFRL"
USHAMART,30,185.78,75.08,"3MINDIA, ABFRL"
USHAMART,180,191.28,76.35,"3MINDIA, ABFRL"
USHAMART,365,200.09,74.41,"3MINDIA, ABFRL"
UTIAMC,30,936.39,78.5,"CELLO, COROMANDEL"
UTIAMC,180,949.76,78.95,"CELLO, COROMANDEL"
UTIAMC,365,966.66,77.55,"CELLO, COROMANDEL"
VARROC,30,415.55,0.0,"3MINDIA, ACE"
VARROC,180,414.76,0.0,"3MINDIA, ACE"
VARROC,365,414.98,0.0,"3MINDIA, ACE"
VBL,30,917.77,0.0,"AARTIIND, ABB"
VBL,180,914.6,0.0,"AARTIIND, ABB"
VBL,365,912.23,0.0,"AARTIIND, ABB"
VEDL,30,265.86,11.29,"ABFRL, AJANTPHARM"
VEDL,180,263.5,0.0,"ABFRL, AJANTPHARM"
VEDL,365,262.6,0.0,"ABFRL, AJANTPHARM"
VGUARD,30,256.23,0.0,"AWL, BASF"
VGUARD,180,254.6,0.0,"AWL, BASF"
VGUARD,365,253.57,0.0,"AWL, BASF"
VIJAYA,30,678.06,78.75,"ABCAPITAL, ADANIENT"
VIJAYA,180,680.9,76.88,"ABCAPITAL, ADANIENT"
VIJAYA,365,675.37,71.95,"ABCAPITAL, ADANIENT"
VINATIORGA,30,1962.94,80.25,"AWL, BASF"
VINATIORGA,180,1974.07,79.6,"AWL, BASF"
VINATIORGA,365,1983.83,73.63,"AWL, BASF"
VIPIND,30,493.28,0.0,"3MINDIA, ABFRL"
VIPIND,180,493.06,0.0,"3MINDIA, ABFRL"
VIPIND,365,489.28,0.0,"3MINDIA, ABFRL"
VOLTAS,30,993.75,76.55,"BRIGADE, CAMS"
VOLTAS,180,997.59,71.0,"BRIGADE, CAMS"
VOLTAS,365,1001.77,70.94,"BRIGADE, CAMS"
VTL,30,870.71,0.0,"ABFRL, AIAENG"
VTL,180,863.54,0.0,"ABFRL, AIAENG"
VTL,365,858.29,0.0,"ABFRL, AIAENG"
WELCORP,30,313.13,79.54,"ABFRL, ACE"
WELCORP,180,317.7,77.47,"ABFRL, ACE"
WELCORP,365,325.64,86.45,"ABFRL, ACE"
WELSPUNLIV,30,103.45,83.91,"FINCABLES, GMDCLTD"
WELSPUNLIV,180,103.88,80.26,"FINCABLES, GMDCLTD"
WELSPUNLIV,365,104.77,77.18,"FINCABLES, GMDCLTD"
WESTLIFE,30,652.62,80.93,"3MINDIA, GMDCLTD"
WESTLIFE,180,660.28,78.17,"3MINDIA, GMDCLTD"
WESTLIFE,365,666.34,78.2,"3MINDIA, GMDCLTD"
WHIRLPOOL,30,1921.26,81.97,"BAJAJ-AUTO, LALPATHLAB"
WHIRLPOOL,180,1927.29,79.39,"BAJAJ-AUTO, LALPATHLAB"
WHIRLPOOL,365,1934.91,80.06,"BAJAJ-AUTO, LALPATHLAB"
WIPRO,30,424.89,84.36,"DEEPAKNTR, GODREJCP"
WIPRO,180,429.78,76.03,"DEEPAKNTR, GODREJCP"
WIPRO,365,433.54,77.99,"DEEPAKNTR, GODREJCP"
YESBANK,30,90.3,80.2,"ANGELONE, CAMS"
YESBANK,180,94.51,82.56,"ANGELONE, CAMS"
YESBANK,365,99.08,78.46,"ANGELONE, CAMS"
ZEEL,30,266.65,0.0,"ABFRL, AIAENG"
ZEEL,180,265.76,0.0,"ABFRL, AIAENG"
ZEEL,365,263.47,0.0,"ABFRL, AIAENG"
ZFCVINDIA,30,13328.71,81.91,"KIRLOSBROS, ZOMATO"
ZFCVINDIA,180,13506.88,82.8,"KIRLOSBROS, ZOMATO"
ZFCVINDIA,365,13650.81,77.22,"KIRLOSBROS, ZOMATO"
ZOMATO,30,155.25,81.92,"KIRLOSBROS, ABFRL"
ZOMATO,180,157.85,74.33,"KIRLOSBROS, ABFRL"
ZOMATO,365,161.53,81.99,"KIRLOSBROS, ABFRL"
ZYDUSLIFE,30,561.44,79.49,"BAJAJ-AUTO, BOSCHLTD"
ZYDUSLIFE,180,563.88,79.43,"BAJAJ-AUTO, BOSCHLTD"
ZYDUSLIFE,365,569.69,76.27,"BAJAJ-AUTO, BOSCHLTD"
